1,Broom - Corn,clothing,348.86,37,"Schoen, Hilll and Berge",01-12-2022,17.0,true
2,"Pasta - Rotini, Dry",clothing,235.96,84,Barton-Feest,24-11-2022,42.3,false
3,Pie Shell - 5,clothing,851.51,16,"Mueller, Cruickshank and Goldner",14-12-2022,37.8,false
4,Chinese Foods - Pepper Beef,food,607.38,3,"Hickle, Johnson and Rau",26-07-2022,64.0,false
5,Truffle Cups Green,electronics,287.36,62,Schowalter and Sons,21-11-2023,48.0,true
6,Coffee - Hazelnut Cream,food,862.7,32,Murray and Sons,28-04-2023,81.1,false
7,Flower - Potmums,clothing,540.22,17,"Botsford, Murray and O'Connell",19-11-2023,25.9,false
8,Ginger - Crystalized,food,903.79,30,MacGyver LLC,18-10-2023,13.4,false
9,"Water - Mineral, Natural",clothing,672.49,67,"Dietrich, Bartell and Smith",07-09-2022,55.6,true
10,"Syrup - Monin, Amaretta",food,771.15,13,Carter and Sons,25-03-2022,90.0,false
11,Cake - Lemon Chiffon,electronics,978.92,16,Barton Group,14-05-2022,77.0,true
12,"Cheese - Romano, Grated",food,790.5,35,Hudson Inc,09-08-2023,71.4,true
13,Flower - Commercial Bronze,clothing,372.29,54,"Witting, Cassin and Kirlin",16-08-2022,8.3,true
14,Pastry - Baked Cinnamon Stick,electronics,450.18,96,Barrows Group,25-12-2022,45.1,true
15,Garlic Powder,clothing,688.58,59,Ferry-Boehm,06-09-2023,16.1,false
16,"Napkin - Dinner, White",electronics,149.57,37,"Williamson, Bergnaum and King",05-09-2023,12.0,true
17,Croissants Thaw And Serve,clothing,272.16,76,McClure and Sons,10-04-2023,46.4,true
18,Tea - Orange Pekoe,food,675.17,56,"Pacocha, Kuhn and Streich",14-02-2023,55.5,true
19,Milk - Buttermilk,clothing,291.17,2,"Watsica, Barton and Spinka",11-08-2023,50.4,false
20,Plasticknivesblack,food,147.61,41,Mante and Sons,21-06-2023,64.8,false
21,"Wine - Saint - Bris 2002, Sauv",electronics,851.95,42,"Anderson, Beier and Harris",27-07-2023,97.7,false
22,Curry Paste - Madras,clothing,6.8,43,Wisozk LLC,28-03-2023,48.8,false
23,"Soup - Campbells, Lentil",electronics,563.11,65,Pollich-Nienow,01-02-2022,85.2,true
24,Lamb - Shanks,electronics,812.62,81,Fisher Group,06-01-2022,41.2,true
25,Coffee Decaf Colombian,clothing,413.6,10,Kunze-Gibson,30-05-2023,73.6,false
26,Flour - Whole Wheat,clothing,731.87,62,"Greenholt, Towne and Pfeffer",20-09-2022,47.5,true
27,Remy Red Berry Infusion,electronics,898.22,47,Kozey Group,28-01-2023,89.0,true
28,"Beef - Outside, Round",food,889.31,28,"Wiegand, Schmitt and Keebler",22-11-2022,62.9,false
29,"Stock - Chicken, White",food,474.2,52,Walsh-Smith,02-02-2022,31.8,true
30,"Pineapple - Canned, Rings",clothing,318.22,17,Halvorson-Batz,24-04-2022,35.1,true
31,Macaroons - Two Bite Choc,electronics,474.1,6,"Corkery, Jakubowski and Quitzon",01-06-2022,54.4,true
32,Poppy Seed,food,132.29,80,Goodwin Group,27-10-2022,18.1,true
33,Beef Wellington,food,16.68,47,"Blanda, Zieme and Hills",15-05-2023,20.2,true
34,Fib N9 - Prague Powder,food,455.47,39,Dach-Stoltenberg,14-02-2022,10.7,true
35,Wine - Fino Tio Pepe Gonzalez,electronics,125.26,41,Kunze and Sons,27-11-2022,68.1,true
36,Marjoram - Fresh,food,605.93,62,"Denesik, Williamson and Price",20-03-2023,77.6,false
37,Star Fruit,food,20.78,45,Breitenberg LLC,11-04-2023,86.9,true
38,Tomatoes - Hot House,clothing,284.26,96,Gottlieb-Wuckert,04-09-2022,91.5,true
39,Tray - 16in Rnd Blk,food,566.48,67,"Shanahan, Bogisich and Kovacek",16-07-2022,36.6,false
40,Tuna - Sushi Grade,electronics,677.7,32,Roob-Pacocha,26-07-2023,44.1,false
41,Wine - Riesling Alsace Ac 2001,clothing,909.86,42,Mraz Inc,21-10-2022,89.4,true
42,Dip - Tapenade,electronics,761.62,42,Funk-Smith,05-12-2023,24.0,true
43,Carrots - Jumbo,electronics,989.62,42,Bogisich-Pfeffer,19-01-2022,10.8,true
44,"Flour - Buckwheat, Dark",clothing,609.28,21,Lynch-Collins,22-06-2023,90.8,true
45,Bread - French Baquette,clothing,143.86,13,Beier Inc,15-09-2023,83.9,false
46,"Doilies - 12, Paper",electronics,965.67,88,Wiza-Boehm,19-10-2023,59.9,true
47,Tequila Rose Cream Liquor,clothing,448.36,72,Leannon Inc,07-02-2023,95.1,false
48,Broom And Brush Rack Black,food,677.88,14,Cronin-Nader,07-08-2022,31.5,false
49,Fennel,electronics,192.25,68,Mayer-Purdy,26-07-2023,40.4,false
50,Snails - Large Canned,electronics,661.9,34,Hane Group,07-12-2023,19.4,true
51,Coffee - Egg Nog Capuccino,electronics,777.35,49,"Hartmann, Treutel and Boyer",07-09-2022,86.5,true
52,"Cake Circle, Foil, Scallop",electronics,257.21,68,Ryan-Kilback,27-05-2023,69.7,false
53,"Oil - Truffle, Black",clothing,648.63,85,"Christiansen, Heathcote and Schmeler",23-02-2023,47.4,false
54,"Wine - Cahors Ac 2000, Clos",food,119.77,71,Mayer Group,21-09-2022,71.8,true
55,Muffin Mix - Blueberry,electronics,936.64,79,Swift Inc,27-07-2023,93.4,true
56,Cookies - Assorted,food,656.15,17,"Luettgen, Dickinson and Frami",11-05-2022,70.4,true
57,Truffle Cups - White Paper,electronics,746.99,59,Hermann-Mills,19-02-2023,79.0,false
58,Container - Clear 32 Oz,electronics,199.76,33,Kilback-Tillman,13-08-2023,17.6,false
59,Beer - Camerons Cream Ale,clothing,84.29,64,"Streich, Mills and Runolfsdottir",20-06-2022,19.3,false
60,Bread - Flat Bread,food,627.7,5,"Mueller, Durgan and Ziemann",21-03-2023,77.3,false
61,Cheese - St. Paulin,clothing,587.19,8,Batz Inc,11-06-2022,77.7,false
62,"Veal - Shank, Pieces",electronics,771.85,85,"Larson, Roob and Mayert",10-05-2023,11.8,true
63,"Coconut - Shredded, Sweet",clothing,888.63,72,Langworth Inc,19-09-2022,27.1,false
64,"Pasta - Spaghetti, Dry",clothing,487.24,74,Altenwerth Inc,13-06-2023,41.7,false
65,Beef - Sushi Flat Iron Steak,clothing,703.57,2,Brown-Price,09-08-2022,87.4,true
66,"Olives - Black, Pitted",electronics,873.3,39,Will LLC,21-02-2023,71.6,true
67,Wine - White Cab Sauv.on,food,55.91,90,Orn-Reichel,08-09-2023,84.0,false
68,Soup - Boston Clam Chowder,clothing,292.87,88,Predovic-Jones,16-06-2023,16.2,false
69,"Chicken - Diced, Cooked",clothing,195.69,49,Funk LLC,05-01-2023,95.3,true
70,Oats Large Flake,clothing,59.12,87,"Schneider, Bashirian and Murray",08-07-2022,60.6,false
71,Soup - Cream Of Potato / Leek,electronics,477.16,54,"Conroy, Huel and McClure",10-01-2023,82.2,true
72,Muffin Mix - Oatmeal,food,981.3,51,Grant-Schinner,17-06-2022,24.3,false
73,Sansho Powder,electronics,689.52,89,Fritsch-Brakus,09-06-2023,84.3,true
74,Spice - Onion Powder Granulated,electronics,589.8,73,"Parisian, Effertz and Fritsch",17-12-2023,24.1,false
75,Pork - Sausage Casing,electronics,25.18,98,"Wisozk, Willms and Dibbert",08-04-2022,77.2,false
76,Wine - Chateau Timberlay,clothing,58.17,65,"Koch, Bergnaum and Rosenbaum",22-04-2022,25.8,true
77,"Capon - Breast, Wing On",clothing,886.25,51,"Romaguera, Jacobs and Goodwin",24-09-2023,72.7,true
78,"Tomatoes - Vine Ripe, Yellow",electronics,276.81,58,Pfeffer Group,30-10-2023,95.8,false
79,Coffee Beans - Chocolate,food,955.13,80,Davis-Konopelski,01-04-2023,68.7,true
80,Anisette - Mcguiness,clothing,913.21,21,"Bernhard, Robel and Rodriguez",06-02-2022,79.4,true
81,Wine - Prem Select Charddonany,clothing,454.49,80,Beatty-Strosin,24-11-2022,8.2,false
82,Juice Peach Nectar,food,826.06,56,Mayer-Lehner,17-02-2022,17.1,true
83,Glucose,clothing,931.81,3,Strosin-Medhurst,31-03-2023,66.5,true
84,Sherbet - Raspberry,food,493.76,86,Franecki-Ullrich,18-12-2023,91.1,true
85,Cheese - Victor Et Berthold,food,620.62,19,Ullrich LLC,02-05-2022,61.0,false
86,Kolrabi,clothing,20.13,7,Luettgen-Hermann,23-05-2023,51.0,false
87,Beer - Upper Canada Light,electronics,237.8,48,Nolan-Breitenberg,06-12-2022,21.0,false
88,"Cheese - Cheddar, Medium",food,382.47,43,Glover-Nikolaus,21-06-2023,10.9,false
89,"Appetizer - Spring Roll, Veg",food,213.31,79,Grant-Quigley,10-12-2022,90.7,false
90,Truffle Cups - Red,electronics,224.9,57,Bruen Group,27-05-2023,47.8,false
91,Muffin Batt - Blueberry Passion,electronics,502.21,46,Wiza and Sons,23-03-2023,97.9,false
92,"Juice - Grape, White",electronics,14.59,46,Schaefer Group,05-03-2023,5.4,false
93,Phyllo Dough,food,877.42,72,"Witting, Schoen and Reichel",01-02-2022,73.9,true
94,Juice - Orange,food,533.86,76,Dooley LLC,12-03-2023,38.0,true
95,Wine - Cave Springs Dry Riesling,clothing,575.1,100,Schowalter Group,01-03-2022,41.2,false
96,"Bread - Pumpernickle, Rounds",food,511.7,3,Batz-Johnson,13-08-2023,14.6,true
97,"Mop Head - Cotton, 24 Oz",food,740.26,4,"Kovacek, Windler and Gusikowski",27-05-2023,24.8,false
98,Vaccum Bag - 14x20,food,74.95,45,"Huels, Roob and Bauch",27-10-2022,7.3,true
99,Artichoke - Fresh,food,150.09,77,"Mueller, Wunsch and Rutherford",27-06-2023,55.2,false
100,Brandy Cherry - Mcguinness,electronics,79.66,33,Bergnaum Group,10-10-2023,88.7,false
101,Urban Zen Drinks,food,101.02,30,Jerde-Lemke,21-04-2023,3.9,true
102,Coriander - Seed,food,481.3,53,Fahey and Sons,20-07-2023,26.8,false
103,Pepper - Cubanelle,food,461.74,90,Denesik Group,24-11-2023,16.9,true
104,Syrup - Monin - Granny Smith,clothing,464.97,84,Runolfsson LLC,23-02-2022,96.1,false
105,Sauce - Plum,food,205.62,57,Steuber-Schneider,22-08-2022,62.5,true
106,Versatainer Nc - 9388,electronics,490.63,18,"Metz, Okuneva and Kirlin",21-01-2022,57.6,true
107,Beef - Inside Round,clothing,385.16,51,"Waelchi, Altenwerth and Waelchi",03-03-2023,77.8,true
108,Soup - Campbells - Chicken Noodle,electronics,441.91,69,Hartmann Group,21-06-2022,94.9,false
109,Jameson - Irish Whiskey,food,179.81,15,Gislason-Lang,19-11-2022,9.4,true
110,Wine - Cava Aria Estate Brut,food,368.96,51,Prohaska-Sauer,22-11-2022,34.0,true
111,"Beans - Black Bean, Preserved",electronics,759.63,83,Renner LLC,22-09-2023,82.0,false
112,"Soup - French Onion, Dry",clothing,858.24,16,"Stroman, Grady and Rutherford",04-04-2023,58.5,true
113,"Pepper - White, Whole",food,390.73,69,"Pagac, Miller and Grant",09-10-2023,12.2,true
114,"Syrup - Monin, Swiss Choclate",electronics,7.12,51,Tillman-Farrell,09-02-2023,40.2,true
115,"Pasta - Spaghetti, Dry",clothing,240.13,10,"Witting, Reinger and Kautzer",23-06-2022,3.9,true
116,Extract - Rum,electronics,234.34,9,Kerluke Group,25-04-2023,14.0,true
117,Lemonade - Pineapple Passion,food,822.14,15,Miller-Nikolaus,19-02-2022,56.0,false
118,Lemon Pepper,food,568.15,46,Wintheiser Group,28-04-2022,13.9,false
119,Orange Roughy 4/6 Oz,clothing,55.36,34,"Bogan, Leannon and Kiehn",19-12-2023,67.5,true
120,Wine - Chateau Timberlay,clothing,882.02,43,"Runte, Windler and Lind",29-06-2023,23.5,true
121,Lighter - Bbq,food,780.7,36,Erdman-Torphy,17-06-2022,67.9,false
122,Venison - Racks Frenched,food,476.01,9,"Schoen, Connelly and Wintheiser",16-09-2023,14.1,true
123,Bar Special K,electronics,297.55,58,"Goodwin, Stoltenberg and Macejkovic",14-02-2023,47.6,false
124,Grapes - Green,electronics,501.99,76,Moore-Stokes,15-07-2022,41.3,false
125,"Beans - Long, Chinese",clothing,277.61,24,"Stiedemann, Harber and Altenwerth",24-06-2022,82.5,true
126,Cheese - Goat,electronics,260.07,84,"Howe, Feest and Greenfelder",25-01-2023,40.4,false
127,"Pasta - Lasagna, Dry",food,311.27,93,"Bogisich, Bailey and Bode",12-03-2022,95.0,false
128,Truffle - Whole Black Peeled,electronics,839.4,57,Brakus Inc,17-08-2022,62.4,true
129,Cheese - Goat With Herbs,electronics,32.62,11,Hermann Group,04-06-2022,50.5,true
130,Tea - Camomele,electronics,422.92,35,Schuster-Littel,18-10-2022,22.4,true
131,Oil - Shortening - All - Purpose,food,791.02,54,Jast-Dibbert,05-05-2023,27.7,false
132,Juice Peach Nectar,food,146.0,69,"Prohaska, Jacobson and Jacobs",09-07-2023,99.4,true
133,Wine - Clavet Saint Emilion,clothing,153.38,65,"Fisher, Murphy and Swaniawski",15-12-2023,48.3,true
134,Nacho Chips,electronics,103.42,11,Haag-Pollich,26-11-2023,42.8,false
135,Baking Soda,food,891.22,31,"Schuster, Mills and Welch",24-03-2023,34.7,false
136,Plate Foam Laminated 9in Blk,clothing,724.4,49,Jenkins Inc,01-06-2023,73.4,false
137,Shrimp - 100 / 200 Cold Water,food,348.45,67,Schamberger-Schneider,18-12-2022,48.0,false
138,Cheese - Grie Des Champ,electronics,683.1,98,Frami-Hudson,08-11-2022,81.2,true
139,Clam Nectar,food,32.41,57,"Kihn, Prohaska and Schuster",08-10-2023,24.3,true
140,Grapefruit - White,food,678.49,39,"Larson, Dietrich and Crona",15-08-2023,63.4,true
141,"Juice - Apple, 1.36l",clothing,393.04,40,"Bayer, Boyle and Kozey",07-07-2023,67.9,true
142,Chinese Foods - Plain Fried Rice,food,250.1,96,"Fisher, Stanton and Cummerata",25-01-2022,20.4,true
143,"Pepper - Black, Crushed",electronics,950.56,40,"Reichert, Aufderhar and Hintz",29-01-2023,25.0,false
144,"Pasta - Linguini, Dry",food,34.83,24,"Bins, Shields and Abshire",14-08-2023,25.2,false
145,Juice - Lemon,electronics,488.99,99,Legros Group,06-06-2022,96.5,false
146,Wine - Remy Pannier Rose,clothing,913.81,81,Lesch Group,13-12-2023,91.4,false
147,Mushroom - Portebello,clothing,455.84,71,Boehm-Moore,07-12-2022,97.3,false
148,Garbage Bag - Clear,electronics,445.54,50,Kunde-Bins,10-04-2023,29.5,true
149,Wine - Cotes Du Rhone,food,876.36,64,Moore-Pfannerstill,31-10-2023,95.3,false
150,Flour - Pastry,food,762.18,83,Lueilwitz Group,24-06-2023,6.0,true
151,Bread Cranberry Foccacia,electronics,663.4,81,Gibson Inc,19-10-2022,73.2,true
152,Pepper - Red Bell,clothing,580.5,26,Olson-Muller,14-06-2023,43.5,false
153,Bread Base - Toscano,electronics,906.69,64,Sawayn Inc,17-05-2022,50.3,false
154,"Tomatoes - Diced, Canned",food,105.17,43,"Hayes, Brown and Renner",08-06-2022,67.1,true
155,Cheese - Comte,food,210.55,41,"Wuckert, Schuppe and Morar",05-02-2022,30.5,true
156,Beef - Inside Round,electronics,923.03,62,"Koelpin, Kessler and Stamm",01-09-2023,28.9,false
157,Cheese - Blue,food,411.26,11,Marvin-Hyatt,09-10-2022,78.9,true
158,Juice - Apple Cider,electronics,678.63,57,Feil-Botsford,12-08-2023,66.6,false
159,"Tarragon - Primerba, Paste",electronics,508.61,6,"Pacocha, Trantow and Grimes",01-03-2022,11.2,false
160,Cake - Night And Day Choclate,electronics,581.59,23,"Hane, Hintz and Padberg",07-01-2022,30.7,true
161,"Wine - White, French Cross",clothing,858.4,90,Tromp LLC,22-08-2023,92.2,false
162,Milk - Skim,food,685.11,94,Crooks-Klocko,08-09-2022,97.7,false
163,Cabbage - Savoy,clothing,871.32,6,"Lakin, Jast and Watsica",23-04-2022,17.0,false
164,Jolt Cola - Red Eye,electronics,983.05,73,Pacocha-Metz,02-12-2022,28.2,false
165,Puree - Kiwi,clothing,668.48,22,Harber Group,14-05-2023,87.6,false
166,Goat - Whole Cut,electronics,908.79,32,"Jacobson, Rowe and Green",29-12-2022,48.6,false
167,Beef - Top Sirloin,food,29.13,61,"Rolfson, Hermiston and Mitchell",04-08-2022,5.3,true
168,Longos - Greek Salad,food,7.12,31,"Shields, Kihn and Jerde",01-10-2022,98.0,true
169,Chips - Doritos,food,824.91,81,Stiedemann-Powlowski,14-12-2023,87.2,true
170,Lettuce - Belgian Endive,clothing,411.95,39,Bernhard-Emard,12-12-2022,18.8,false
171,"Ice - Clear, 300 Lb For Carving",electronics,796.95,58,Murphy-Johns,13-06-2023,2.3,false
172,Momiji Oroshi Chili Sauce,electronics,122.61,78,Pagac Group,07-03-2023,74.8,true
173,Honey - Lavender,clothing,693.94,80,Wehner LLC,24-06-2022,49.9,true
174,Carbonated Water - Peach,electronics,294.13,4,Ullrich Group,09-12-2022,45.2,false
175,Chocolate - Sugar Free Semi Choc,electronics,495.8,40,Auer-Shanahan,13-04-2023,62.4,true
176,Lettuce - Frisee,food,977.92,2,Klein-Waters,23-06-2022,11.8,true
177,Sword Pick Asst,clothing,413.37,94,"Purdy, Marquardt and Pagac",25-07-2022,92.0,true
178,Coffee Swiss Choc Almond,clothing,312.13,76,Bechtelar LLC,13-09-2023,90.4,false
179,Gelatine Leaves - Envelopes,food,641.99,72,"Bernhard, Green and Hagenes",31-08-2023,40.4,false
180,Bag - Clear 7 Lb,clothing,814.17,47,Turcotte LLC,21-08-2022,80.3,true
181,"Beef - Ox Tail, Frozen",food,25.2,82,"Pfannerstill, Hegmann and Cassin",14-01-2022,68.4,true
182,"Ecolab - Orange Frc, Cleaner",clothing,365.91,100,"Gleason, Stoltenberg and Wiegand",23-03-2022,22.5,true
183,Plate Pie Foil,food,619.5,44,Hermann Inc,08-12-2023,51.1,false
184,Transfer Sheets,food,759.87,33,Satterfield and Sons,10-10-2023,50.1,true
185,Flower - Potmums,food,966.77,20,Mayert-Deckow,31-01-2022,63.2,true
186,Nantucket Cranberry Juice,clothing,449.21,98,Leuschke-Heller,27-05-2022,25.3,true
187,Bread - Ciabatta Buns,electronics,193.77,75,Schinner-Blanda,28-08-2022,63.8,true
188,"Flour - Corn, Fine",food,442.82,54,Hauck-Barrows,02-04-2023,74.7,true
189,Lid - 16 Oz And 32 Oz,electronics,212.64,36,Kohler-Schuster,01-01-2023,69.5,true
190,"Nut - Peanut, Roasted",food,38.93,65,Boyer LLC,25-12-2022,22.4,false
191,Herb Du Provence - Primerba,clothing,572.98,37,Mraz Group,07-06-2022,50.9,true
192,"Soup - Canadian Pea, Dry Mix",electronics,582.74,84,"Wehner, Ernser and Flatley",22-07-2023,20.0,true
193,Bread Base - Toscano,electronics,944.66,87,"Parker, Kessler and Schuster",11-03-2023,59.7,false
194,Kaffir Lime Leaves,food,539.61,48,Gerlach Group,17-09-2023,42.5,false
195,Pastry - Lemon Danish - Mini,clothing,140.27,62,Cole Group,19-06-2023,44.4,true
196,Sauerkraut,food,547.35,17,"Emard, Crona and Reinger",28-11-2022,40.7,true
197,Wine - Masi Valpolocell,electronics,801.13,51,Johns LLC,16-03-2022,63.8,true
198,Bread - Italian Sesame Poly,clothing,734.75,21,Lowe and Sons,18-10-2022,78.0,false
199,"Wine - Cahors Ac 2000, Clos",electronics,930.63,1,Jenkins LLC,28-01-2023,75.0,false
200,Appetizer - Southwestern,clothing,536.29,55,"Stoltenberg, Carter and Kohler",09-07-2022,23.0,false
201,Ice Cream Bar - Oreo Cone,electronics,145.74,4,West-Legros,19-11-2023,54.0,true
202,Bread - Bistro Sour,clothing,67.89,87,Luettgen-Shields,10-06-2022,85.7,true
203,Beef - Diced,food,620.68,29,Rutherford-Wintheiser,15-03-2023,95.1,true
204,Cheese - Cheddarsliced,electronics,165.61,99,Huel-Von,03-05-2023,12.1,true
205,Flour - Strong Pizza,food,345.93,79,Nolan-Quigley,28-05-2023,46.6,true
206,Rootbeer,electronics,93.4,42,"Maggio, Schowalter and Hane",23-11-2022,93.6,false
207,Sweet Pea Sprouts,clothing,111.82,61,Connelly-Durgan,10-02-2022,49.0,false
208,Wine - Soave Folonari,electronics,623.89,80,"Schaden, Feeney and Jast",06-05-2023,59.8,false
209,Butter - Pod,clothing,473.12,11,Nolan-Cronin,25-09-2023,91.5,true
210,"Glass - Wine, Plastic, Clear 5 Oz",electronics,525.42,66,"Schiller, Trantow and Spinka",08-02-2023,59.3,true
211,Wine - Maipo Valle Cabernet,electronics,651.55,19,Beahan Inc,15-01-2023,94.8,false
212,Calypso - Black Cherry Lemonade,electronics,672.83,68,Gibson-Champlin,19-03-2023,71.8,false
213,Soup - French Can Pea,electronics,404.27,11,Gutkowski-Predovic,15-08-2022,87.3,true
214,Eggplant Italian,food,805.91,62,"Sawayn, Mraz and Nikolaus",18-08-2023,18.5,true
215,Capers - Ox Eye Daisy,electronics,875.49,76,Schoen-Jacobson,25-10-2022,62.1,false
216,Extract - Almond,food,20.4,99,"Kozey, Maggio and Hickle",27-02-2023,98.2,true
217,Lettuce - Iceberg,electronics,640.22,36,Kerluke-Jacobson,18-11-2022,81.7,false
218,"Stock - Beef, White",clothing,27.87,1,Zboncak-Swaniawski,05-08-2023,58.6,false
219,Bread Roll Foccacia,electronics,728.59,40,"Kulas, Langosh and Greenfelder",18-11-2022,99.5,true
220,Ezy Change Mophandle,electronics,466.75,46,"Hilll, Raynor and Sawayn",25-08-2023,66.1,true
221,Cookie - Oreo 100x2,electronics,896.54,28,Fay and Sons,25-04-2022,68.1,true
222,Soup - Cream Of Potato / Leek,food,663.51,9,Lakin LLC,27-06-2023,32.6,true
223,Piping Jelly - All Colours,food,625.6,46,Breitenberg-Hand,24-07-2023,21.0,false
224,Bread - Malt,clothing,217.8,55,"Daniel, Von and Nikolaus",06-03-2022,6.9,true
225,Sea Bass - Whole,clothing,205.04,43,Cronin and Sons,31-03-2023,1.5,false
226,Salmon Atl.whole 8 - 10 Lb,clothing,6.16,19,Adams-Schaefer,10-03-2022,27.1,true
227,Chocolate - Dark,electronics,199.8,70,Herman-Keeling,30-12-2022,3.7,true
228,Ecolab - Medallion,clothing,209.31,23,Fahey-Kuhlman,12-03-2023,90.4,true
229,"Bread - Pita, Mini",electronics,696.16,88,Beier and Sons,04-09-2023,75.9,false
230,Cakes Assorted,food,488.79,55,"Halvorson, Jast and Lindgren",12-08-2023,36.2,true
231,Chocolate - Sugar Free Semi Choc,food,120.29,12,Roob-Bins,26-09-2022,92.2,false
232,Shichimi Togarashi Peppeers,clothing,50.89,73,"Graham, Mitchell and Wiza",30-10-2022,45.9,false
233,"Bar Mix - Pina Colada, 355 Ml",food,637.44,51,Powlowski Group,11-09-2023,44.4,false
234,Puree - Strawberry,food,256.59,58,Miller-Wintheiser,24-05-2023,66.6,true
235,"Flour - Buckwheat, Dark",electronics,913.2,31,Heathcote Group,16-01-2023,39.0,true
236,Wine - Red Oakridge Merlot,clothing,338.66,33,"Stiedemann, O'Hara and Trantow",20-01-2023,54.8,false
237,Pea - Snow,electronics,58.81,68,Fritsch and Sons,13-06-2023,10.9,false
238,Rolled Oats,electronics,154.9,11,"Pacocha, Harris and Jaskolski",28-10-2023,59.1,false
239,"Chilli Paste, Ginger Garlic",clothing,537.72,12,"Bartoletti, Upton and Luettgen",15-05-2022,93.1,false
240,Snapple - Iced Tea Peach,electronics,890.23,15,Mante-Bradtke,28-07-2023,64.8,true
241,"Lobster - Tail, 3 - 4 Oz",electronics,88.27,76,"Ruecker, Swaniawski and Hayes",02-07-2022,62.2,true
242,Lettuce - California Mix,food,302.71,1,"Ledner, Bashirian and Fritsch",25-07-2022,0.6,true
243,Bar Special K,food,696.11,38,Beahan-Reichert,22-03-2023,60.7,true
244,Bacon Strip Precooked,food,980.74,16,Pacocha-Langosh,18-01-2023,60.7,true
245,"Bag - Bread, White, Plain",food,410.69,62,Frami-Larson,19-12-2023,72.5,true
246,Tilapia - Fillets,electronics,593.47,82,Vandervort LLC,30-04-2023,38.1,false
247,Wine - Wyndham Estate Bin 777,food,649.94,100,McDermott LLC,03-08-2023,91.2,true
248,Sprouts - Peppercress,electronics,210.48,42,Dicki-Huel,23-12-2023,9.3,false
249,Pate - Liver,clothing,355.59,65,Hilll-Jacobi,24-03-2023,71.6,true
250,Vanilla Beans,clothing,24.09,17,Cole-Hermann,15-08-2022,39.3,false
251,Pears - Bosc,electronics,893.28,58,"Hamill, Rutherford and Predovic",16-11-2022,11.3,false
252,Muffin Batt - Ban Dream Zero,food,382.68,45,"Gibson, Terry and Cruickshank",07-09-2023,23.7,false
253,Brandy Apricot,electronics,839.0,59,"Lynch, Green and O'Keefe",17-05-2022,57.7,true
254,Juice - Lagoon Mango,food,378.45,4,"Huels, Hoppe and Hintz",30-04-2023,84.6,false
255,Tea Peppermint,food,829.69,35,"Zieme, Sauer and Schumm",03-07-2023,55.3,true
256,Chef Hat 20cm,food,421.74,21,"Kertzmann, Labadie and Ferry",19-05-2023,65.6,true
257,Crab - Soft Shell,electronics,905.69,60,"Fay, Graham and Steuber",20-11-2022,52.1,false
258,Fondant - Icing,clothing,79.03,83,Marvin-Stoltenberg,22-09-2022,17.4,false
259,Cream Of Tartar,electronics,785.06,39,"Dare, Howell and Lindgren",21-04-2023,79.3,true
260,Muffin Mix - Banana Nut,electronics,961.23,77,Mills-Luettgen,05-10-2023,73.0,true
261,Wine - Placido Pinot Grigo,food,399.87,47,"Bernier, Nienow and Russel",04-11-2022,5.7,false
262,Chicken Breast Halal,food,791.28,72,Mills Group,12-02-2023,7.3,false
263,Wine - Pinot Noir Stoneleigh,clothing,324.33,69,"Feest, Goyette and Rath",15-04-2023,42.0,false
264,Garlic - Peeled,clothing,681.48,63,Windler-Jacobs,29-01-2023,77.4,false
265,"Sugar - Sweet N Low, Individual",food,697.3,95,Christiansen and Sons,12-12-2023,27.0,false
266,Muffin Batt - Carrot Spice,clothing,338.34,78,Roberts-Huels,19-10-2022,90.0,true
267,Sloe Gin - Mcguinness,food,868.39,66,"Green, Schiller and Olson",12-08-2022,66.4,true
268,"Pork - Back, Long Cut, Boneless",clothing,598.38,8,Block-Lehner,21-08-2023,97.3,false
269,Mousse - Passion Fruit,food,426.62,63,Dibbert Group,27-06-2022,48.7,true
270,Arizona - Plum Green Tea,electronics,694.42,99,Barton LLC,27-07-2023,86.5,true
271,Cumin - Whole,food,708.54,14,Von Inc,02-06-2022,22.9,false
272,"Carrots - Purple, Organic",food,832.96,93,Ebert LLC,01-05-2023,52.5,false
273,Shrimp - Black Tiger 16/20,food,409.17,2,Hane and Sons,25-06-2022,46.3,true
274,Beef - Short Loin,electronics,252.65,2,Dickens and Sons,13-07-2023,12.5,false
275,Papayas,food,166.8,75,"Langosh, Grady and Mertz",13-11-2023,53.8,false
276,Snapple Raspberry Tea,clothing,346.64,48,O'Reilly Inc,22-04-2022,89.5,false
277,"Beer - Alexander Kieths, Pale Ale",food,439.96,66,Murphy Group,17-09-2023,25.4,false
278,Ecolab Digiclean Mild Fm,electronics,659.59,50,Breitenberg-Davis,21-11-2023,56.6,true
279,Grapefruit - Pink,clothing,683.4,63,"Kuvalis, Christiansen and Schuppe",04-05-2022,79.5,false
280,Steamers White,clothing,17.58,43,Hermann LLC,05-05-2022,61.8,true
281,Lamb Rack Frenched Australian,electronics,292.96,58,McCullough Inc,11-10-2022,94.3,false
282,Chocolate - White,clothing,979.96,58,Langworth and Sons,01-05-2023,9.9,false
283,Magnotta Bel Paese Red,clothing,323.79,74,Hauck-Buckridge,18-09-2022,93.6,false
284,Strawberries,food,394.86,22,Johns Inc,28-09-2023,84.7,true
285,Numi - Assorted Teas,food,659.68,97,Lesch-Swaniawski,15-10-2022,19.8,false
286,Yoplait - Strawbrasp Peac,clothing,546.16,64,Berge-Mann,27-10-2022,80.4,true
287,"Red Snapper - Fillet, Skin On",clothing,97.73,31,Ferry-Leffler,01-04-2022,66.3,false
288,"Mushroom - Oyster, Fresh",electronics,842.01,16,"Pollich, Labadie and Aufderhar",12-03-2023,90.6,true
289,"Wine - Saint - Bris 2002, Sauv",electronics,236.47,80,Weissnat-Herman,06-06-2022,51.5,true
290,"Schnappes - Peach, Walkers",clothing,728.14,74,Ledner LLC,29-11-2023,3.8,false
291,Bread - Mini Hamburger Bun,clothing,315.85,86,Herzog LLC,11-06-2023,20.5,true
292,Shichimi Togarashi Peppeers,food,775.17,18,"Gottlieb, Douglas and Stiedemann",20-11-2022,57.7,true
293,Lemon Grass,electronics,697.76,63,Kemmer-Hahn,02-10-2023,61.7,true
294,Towel - Roll White,clothing,409.31,41,"West, Langosh and Padberg",20-06-2023,98.1,false
295,Ginger - Ground,electronics,371.41,6,"Kohler, Smitham and Homenick",07-08-2022,20.5,false
296,"Bread - Sticks, Thin, Plain",clothing,287.24,51,"D'Amore, Hartmann and Stokes",17-04-2022,28.9,true
297,Eggwhite Frozen,food,551.82,40,"Nitzsche, Harber and Bergnaum",15-01-2023,24.7,false
298,Appetizer - Mushroom Tart,electronics,307.14,30,Nikolaus-Crona,19-05-2022,3.8,true
299,Onions - Spanish,electronics,207.04,64,Reinger LLC,02-09-2022,20.8,true
300,Oil - Canola,food,339.83,36,"McClure, Stracke and O'Connell",25-08-2023,82.8,true
301,Pastry - Trippleberry Muffin - Mini,clothing,50.02,94,Mitchell-Yost,15-12-2022,46.5,true
302,"Lid - Translucent, 3.5 And 6 Oz",food,380.13,70,Brown-Pouros,18-02-2023,68.1,true
303,Pears - Bartlett,food,151.01,48,Smith-Keeling,18-10-2022,70.4,true
304,Lumpfish Black,clothing,417.41,35,"Kunze, Moore and Herzog",28-02-2022,81.4,false
305,Tomatoes - Orange,clothing,209.72,41,Walter and Sons,29-05-2022,74.3,true
306,"Oregano - Dry, Rubbed",electronics,60.17,12,Haag-Watsica,09-12-2023,62.3,false
307,Mushroom - Chanterelle Frozen,electronics,411.02,57,Mraz and Sons,23-12-2023,84.4,true
308,Chips Potato All Dressed - 43g,clothing,817.47,43,Ankunding-Crona,10-05-2022,38.5,true
309,Chocolate - Dark Callets,food,869.54,96,Greenholt and Sons,04-09-2022,18.1,false
310,Cheese - Brick With Onion,clothing,105.0,10,Gusikowski-Schamberger,09-09-2022,38.1,true
311,Poppy Seed,clothing,107.84,5,"Ernser, Schinner and Steuber",26-02-2022,28.3,false
312,Food Colouring - Orange,electronics,546.23,4,Windler-Cummerata,01-01-2023,31.6,false
313,Hold Up Tool Storage Rack,clothing,3.0,43,Von-Thompson,22-02-2022,60.6,false
314,Wine - Ej Gallo Sonoma,electronics,160.4,74,"Rowe, Zemlak and Gerhold",14-05-2023,6.1,true
315,Cookies - Englishbay Chochip,clothing,469.51,24,Schuppe Inc,09-11-2023,13.2,true
316,Beer - Labatt Blue,food,717.62,76,Wisoky-Brown,01-02-2023,86.0,true
317,Red Currant Jelly,clothing,107.71,43,"Boyer, Quigley and Anderson",25-01-2023,28.1,false
318,Smoked Paprika,electronics,410.37,88,Feil-Powlowski,26-09-2023,16.3,true
319,Ham - Cooked,clothing,689.33,74,Conroy and Sons,12-02-2022,99.2,false
320,Shrimp - Prawn,food,408.91,3,Boyer Group,29-08-2022,82.1,false
321,Paper Towel Touchless,electronics,910.29,19,Frami LLC,15-07-2022,74.3,false
322,Bread - Italian Corn Meal Poly,clothing,437.66,32,"DuBuque, Roberts and O'Connell",09-01-2022,1.9,false
323,"Lamb - Whole Head Off,nz",food,579.27,18,Nikolaus Group,22-06-2022,17.1,false
324,"Wine - Red, Cabernet Sauvignon",food,19.18,20,Crona-Doyle,23-01-2023,8.4,true
325,Cinnamon - Stick,electronics,574.1,70,Upton Inc,05-05-2023,71.1,true
326,Tia Maria,clothing,137.94,29,"Considine, Jenkins and Moore",06-03-2022,0.6,false
327,Mushrooms - Honey,clothing,946.02,37,Gutmann-Grant,28-06-2022,78.5,false
328,Turnip - Wax,electronics,559.39,91,"Macejkovic, Hand and Moore",30-04-2022,59.8,true
329,Wine - Peller Estates Late,food,181.55,14,"Greenholt, Moen and Jast",12-07-2022,14.9,true
330,Rolled Oats,electronics,685.95,82,"Russel, Fay and Sauer",14-08-2023,41.0,true
331,"Sauce - Gravy, Au Jus, Mix",clothing,280.56,30,Kovacek Group,01-08-2022,99.9,true
332,Grapes - Black,food,135.77,10,McCullough-Berge,15-10-2022,53.7,true
333,Pie Filling - Cherry,electronics,683.35,95,Buckridge and Sons,17-05-2023,38.5,false
334,Port - 74 Brights,clothing,403.82,87,Bayer Group,12-03-2023,65.9,true
335,"Fish - Scallops, Cold Smoked",electronics,164.17,50,Daniel-Champlin,01-09-2023,38.2,false
336,Higashimaru Usukuchi Soy,electronics,637.25,70,Braun-Trantow,30-05-2022,42.0,false
337,Garbage Bags - Clear,electronics,596.58,10,Wyman and Sons,14-09-2022,66.0,false
338,Chevril,clothing,236.2,10,Jacobs-White,16-11-2022,33.4,true
339,Muffin Mix - Oatmeal,clothing,971.68,67,"Altenwerth, Cartwright and Fisher",30-09-2022,92.0,false
340,"Beef - Rib Roast, Cap On",food,881.01,52,"Muller, Frami and Witting",10-07-2022,85.2,true
341,Compound - Strawberry,clothing,961.31,64,Greenfelder-Leuschke,13-05-2022,97.6,true
342,Vinegar - Tarragon,electronics,315.21,53,Kemmer-Collins,01-11-2022,47.0,true
343,"Wine - Red, Harrow Estates, Cab",clothing,716.33,49,Kassulke-Bergstrom,05-08-2023,21.6,true
344,Flour - Pastry,electronics,321.93,33,Rice-Ratke,20-04-2022,67.8,true
345,Muffin - Mix - Strawberry Rhubarb,electronics,161.04,56,"Klein, Kuhic and Kling",17-12-2023,97.5,true
346,Wine - Barbera Alba Doc 2001,electronics,322.55,28,Feeney Inc,24-07-2023,48.2,true
347,Wine - Black Tower Qr,electronics,779.63,14,O'Keefe-Langworth,16-08-2023,95.1,false
348,Veal - Striploin,electronics,95.5,7,Muller-Zulauf,03-06-2022,93.6,false
349,Skirt - 29 Foot,food,586.26,70,Ward and Sons,07-11-2022,60.5,true
350,Eggroll,clothing,504.89,17,Wolff-Raynor,28-04-2023,86.0,true
351,Puree - Blackcurrant,food,473.4,42,Kunde-Lind,15-06-2023,18.4,false
352,Energy Drink,food,457.09,29,Metz-Erdman,09-12-2022,46.8,false
353,Snapple - Mango Maddness,food,89.77,10,"Stracke, Mohr and Cruickshank",31-05-2022,50.6,false
354,"Cheese - Mozzarella, Shredded",electronics,923.96,83,Johns and Sons,24-09-2022,29.9,false
355,Bread - French Baquette,clothing,404.5,58,"Jacobs, Rau and Walker",29-04-2022,51.0,true
356,Cassis,electronics,172.52,98,"Hauck, Skiles and Steuber",06-07-2022,59.3,true
357,"Yogurt - Cherry, 175 Gr",clothing,882.13,36,"Harris, Stamm and Kuhic",09-01-2023,98.5,true
358,Flavouring Vanilla Artificial,electronics,732.19,6,"Douglas, Boyer and Gutkowski",27-05-2023,39.6,true
359,"Croissant, Raw - Mini",electronics,179.29,79,"Ratke, Mertz and Bashirian",29-05-2022,69.3,false
360,Olives - Kalamata,clothing,655.19,32,Leannon-Hodkiewicz,21-05-2022,0.3,true
361,Bagel - Everything Presliced,electronics,403.49,15,"Turcotte, Lehner and Lakin",25-04-2023,15.8,false
362,"Salmon - Atlantic, Fresh, Whole",electronics,606.0,22,Schaden-Sporer,14-02-2022,43.1,true
363,Cheese - Grana Padano,clothing,188.49,60,"Hackett, Durgan and Jenkins",22-03-2022,4.2,false
364,Wiberg Cure,electronics,141.92,8,Ratke Group,24-11-2023,70.1,true
365,Icecream Bar - Del Monte,clothing,24.49,30,"Pouros, Hermann and Beahan",01-07-2022,12.2,true
366,Cheese - Comte,electronics,83.74,13,"Monahan, Schneider and Hermann",06-07-2023,12.7,true
367,Artichokes - Jerusalem,food,742.6,60,Lakin-Runolfsson,07-12-2022,91.7,true
368,Cream - 18%,clothing,622.37,57,Altenwerth Group,30-05-2023,86.6,true
369,"Tart Shells - Sweet, 3",food,742.61,93,Brown-VonRueden,18-05-2023,94.0,false
370,Latex Rubber Gloves Size 9,clothing,999.03,79,Marvin-Roob,09-12-2023,74.4,false
371,"Wine - White, French Cross",electronics,860.71,98,Moore and Sons,17-05-2022,62.3,true
372,"Wine - White, Cooking",clothing,57.8,76,"Jast, Stanton and Deckow",03-02-2022,1.1,true
373,"Nut - Peanut, Roasted",clothing,364.27,42,Murazik LLC,20-05-2023,57.6,true
374,"Soup - Knorr, Country Bean",electronics,335.69,12,"Barton, King and Morar",08-02-2022,46.0,true
375,Bulgar,food,331.37,42,"Maggio, Hagenes and Stracke",11-09-2022,76.0,true
376,"Chicken - Base, Ultimate",electronics,649.59,43,"Osinski, Bauch and Hagenes",13-12-2023,71.5,false
377,Bread - Wheat Baguette,electronics,538.64,45,"O'Reilly, Swaniawski and Maggio",15-08-2022,7.0,false
378,Wine - Sawmill Creek Autumn,food,953.91,16,Kassulke-Koss,10-08-2022,96.9,true
379,Cake - Pancake,clothing,452.78,72,Schuster Inc,26-12-2022,61.9,true
380,Turkey - Ground. Lean,clothing,500.94,37,"Thompson, Little and Krajcik",30-07-2022,90.6,false
381,Table Cloth 120 Round White,food,601.3,92,"Pagac, Gorczany and Hegmann",05-08-2022,41.0,true
382,Pernod,clothing,644.72,69,"Goldner, McClure and Leffler",22-12-2023,38.8,false
383,Vacuum Bags 12x16,electronics,208.65,6,"Jacobi, Powlowski and Balistreri",10-02-2023,88.9,false
384,Syrup - Monin - Passion Fruit,clothing,961.92,40,Schaden LLC,13-05-2022,53.7,false
385,Chutney Sauce,clothing,980.59,22,"Bednar, Lueilwitz and Lueilwitz",23-12-2023,0.4,false
386,Clams - Bay,clothing,521.73,71,Bechtelar-Dooley,01-03-2022,47.1,true
387,Wine - Fino Tio Pepe Gonzalez,clothing,676.8,20,Hayes LLC,21-11-2023,23.2,false
388,Beans - Fine,clothing,574.7,16,Frami-Mueller,14-11-2023,68.8,true
389,Pastry - Plain Baked Croissant,clothing,751.84,70,Kautzer-Altenwerth,27-06-2022,42.6,true
390,"Nut - Almond, Blanched, Sliced",electronics,896.03,22,Upton-Wolf,04-04-2022,54.0,true
391,Bagel - Everything,food,668.39,8,"Walker, D'Amore and Walsh",19-04-2022,87.1,true
392,"Pork - Tenderloin, Fresh",clothing,5.95,24,"Walsh, Welch and Torphy",08-04-2023,48.2,false
393,Tomato Puree,electronics,538.77,66,Thiel-Russel,17-10-2022,59.4,false
394,Truffle - Peelings,clothing,691.52,59,Torp-Beahan,18-04-2023,41.6,true
395,Pork - Backs - Boneless,food,44.3,11,"Harvey, Larson and Kovacek",17-09-2022,61.0,true
396,"Arctic Char - Fresh, Whole",food,80.1,65,Feest-Lebsack,17-10-2023,37.8,false
397,"Wine - Red, Lurton Merlot De",clothing,563.5,52,Daniel Inc,23-12-2023,62.1,false
398,"Sprite, Diet - 355ml",electronics,738.21,15,Bayer LLC,12-12-2023,16.7,true
399,Oil - Canola,food,780.19,26,"Conroy, Quitzon and Thompson",23-04-2022,13.4,true
400,Lid Coffee Cup 8oz Blk,electronics,366.34,96,Maggio-Mertz,16-07-2022,83.0,false
401,Vinegar - Raspberry,clothing,857.71,47,Price LLC,29-01-2022,87.4,false
402,Flour - Rye,clothing,967.34,22,"Murray, Heidenreich and Raynor",03-12-2023,86.0,false
403,Sage Derby,clothing,427.88,62,"Hamill, Price and Cummerata",23-05-2023,64.0,false
404,Chicken Breast Halal,electronics,44.04,72,"Ledner, Langworth and Herzog",17-01-2023,57.9,true
405,Table Cloth 53x53 White,food,166.05,56,"McCullough, Gorczany and Hane",28-09-2023,36.1,true
406,Longos - Grilled Veg Sandwiches,food,77.22,34,Mayert-Hoppe,04-08-2022,92.9,true
407,Island Oasis - Sweet And Sour Mix,food,58.09,61,Morissette-Beatty,03-05-2022,12.9,false
408,Mudslide,clothing,848.06,51,"Olson, Harvey and Volkman",02-12-2022,48.3,false
409,Quail - Jumbo Boneless,clothing,723.67,28,Fritsch-Greenholt,06-09-2023,61.4,false
410,Spic And Span All Purpose,electronics,937.29,94,Keeling Inc,28-12-2022,57.4,false
411,Containter - 3oz Microwave Rect.,clothing,150.52,34,"Keeling, Hansen and Pouros",11-12-2023,86.0,true
412,Sauce - Alfredo,food,633.06,2,Zulauf LLC,28-03-2023,44.8,true
413,Peach - Fresh,electronics,132.93,6,Schroeder-Abbott,14-08-2022,69.8,true
414,"Pasta - Rotini, Colour, Dry",clothing,396.45,75,Auer-Mosciski,17-09-2023,10.7,true
415,Soup - Campbells Beef Noodle,electronics,540.48,18,Kuhic-Barrows,07-02-2022,32.7,true
416,"Cheese - Romano, Grated",electronics,681.33,12,D'Amore-Zieme,26-10-2022,56.1,true
417,Beer - Camerons Cream Ale,electronics,954.28,81,Wehner-Rosenbaum,19-11-2023,82.9,false
418,"Shrimp - 16 - 20 Cooked, Peeled",food,453.26,21,Davis-Smitham,23-08-2022,14.9,false
419,Sugar - Icing,clothing,4.02,35,"Mosciski, Cruickshank and Bayer",25-03-2022,40.2,false
420,"Mushroom - Trumpet, Dry",food,198.28,17,Leuschke-Upton,19-09-2023,49.3,false
421,Bacardi Mojito,clothing,712.66,74,Cole-Kiehn,01-10-2022,57.5,true
422,Wonton Wrappers,food,775.24,29,Wiza-Erdman,08-11-2022,75.9,false
423,Bamboo Shoots - Sliced,food,280.67,48,Herman LLC,22-10-2023,18.2,false
424,Beef - Tenderloin - Aa,clothing,169.02,97,Kreiger LLC,01-09-2022,72.4,false
425,Chinese Foods - Chicken Wing,electronics,467.2,10,"Will, Rowe and Schultz",16-08-2022,87.0,false
426,Radish,electronics,795.15,57,"Wiegand, Willms and Stroman",03-06-2022,55.6,false
427,"Nut - Walnut, Chopped",clothing,9.82,84,Brekke-Will,07-09-2022,56.5,false
428,Wine - Penfolds Koonuga Hill,food,225.69,12,Durgan LLC,19-05-2023,80.2,false
429,Goulash Seasoning,electronics,473.2,64,Conn-Hessel,01-05-2022,28.5,true
430,Pastry - Baked Cinnamon Stick,food,239.57,11,"Rempel, Miller and Konopelski",24-02-2023,52.5,true
431,"Pasta - Cappellini, Dry",food,808.02,31,Thompson-Kessler,23-10-2023,43.5,true
432,"Jam - Raspberry,jar",electronics,908.09,84,Kemmer-Leannon,28-10-2023,82.2,false
433,Durian Fruit,electronics,691.74,23,"Hamill, D'Amore and Murray",06-07-2022,21.2,true
434,Venison - Racks Frenched,clothing,266.96,37,Carroll-Heaney,27-02-2022,39.6,true
435,Veal - Bones,electronics,70.45,85,Stroman-Satterfield,21-06-2023,56.1,false
436,Shiro Miso,electronics,722.83,58,Lakin-Heidenreich,07-05-2023,57.9,true
437,Potatoes - Fingerling 4 Oz,electronics,750.9,57,"Borer, Schmidt and Gislason",05-06-2022,95.5,true
438,Flour - Whole Wheat,food,444.01,17,Haag-Ondricka,19-09-2023,27.2,false
439,Mcgillicuddy Vanilla Schnap,food,930.03,34,Bayer-Crist,13-02-2022,4.2,false
440,Soup - Campbells Chicken,food,871.84,18,Larkin and Sons,23-10-2023,12.5,true
441,Rhubarb,food,489.83,12,Murray Inc,08-02-2022,41.0,false
442,Water - Evian 355 Ml,electronics,358.21,16,"Effertz, Romaguera and Treutel",16-03-2023,98.7,false
443,Truffle - Whole Black Peeled,food,427.11,37,Gislason-Nolan,26-11-2023,56.0,false
444,"Shrimp - 16 - 20 Cooked, Peeled",food,901.11,98,Dibbert-Rutherford,07-08-2023,85.2,true
445,Cheese - Mascarpone,clothing,909.03,25,"Fahey, Cummerata and Wisoky",29-11-2023,75.8,true
446,Pate - Liver,electronics,899.81,91,Bernhard LLC,21-12-2022,48.4,false
447,Tarragon - Fresh,food,194.18,13,"Nikolaus, Abshire and Weissnat",19-10-2023,73.6,true
448,Oil - Grapeseed Oil,electronics,174.12,68,Trantow and Sons,12-10-2022,3.3,true
449,Oil - Macadamia,electronics,604.0,19,"Wolff, Mante and Keeling",04-11-2023,29.4,true
450,Steam Pan - Half Size Deep,food,264.69,7,Kunde-Cronin,02-06-2023,7.9,false
451,Soup Bowl Clear 8oz92008,electronics,331.78,21,"Wolff, Johnson and Weimann",28-09-2023,23.1,true
452,Nantucket - 518ml,food,730.19,62,Waters-Swift,01-03-2023,56.3,false
453,Brandy Cherry - Mcguinness,food,764.7,14,"Marks, Harber and Rau",17-08-2022,95.0,false
454,Lettuce - Red Leaf,food,521.45,98,Bode LLC,18-12-2023,63.5,false
455,"Tomatoes - Diced, Canned",clothing,354.76,82,Hessel-Graham,17-12-2023,83.3,false
456,Sea Urchin,food,543.34,79,Sanford-Reichel,09-01-2022,32.4,false
457,"Potatoes - Instant, Mashed",clothing,206.84,18,"Braun, Keeling and Beatty",19-12-2022,37.2,false
458,Tea - Lemon Scented,clothing,721.33,6,"Blick, White and Towne",22-03-2023,42.9,false
459,Egg Patty Fried,food,378.18,3,Becker-Hansen,10-05-2022,49.4,false
460,Kahlua,food,969.4,6,"Hammes, Schimmel and Schiller",20-12-2022,63.7,true
461,Wine - Ruffino Chianti,electronics,401.17,21,"Hahn, Nolan and Cremin",15-07-2022,88.9,true
462,"Lemonade - Island Tea, 591 Ml",food,472.46,33,"Padberg, Von and Windler",19-10-2023,16.1,false
463,Kahlua,food,549.82,33,Harber LLC,02-03-2022,30.7,false
464,Octopus,electronics,418.91,88,Labadie and Sons,05-09-2023,4.4,true
465,Compound - Strawberry,electronics,915.53,64,"Heidenreich, Gerhold and Hermiston",26-11-2022,3.5,false
466,"Turkey - Breast, Smoked",food,325.27,14,Runolfsdottir-Bins,06-11-2022,14.8,false
467,Jerusalem Artichoke,food,177.41,92,Wintheiser Group,02-08-2023,39.4,true
468,Fruit Salad Deluxe,electronics,724.61,95,Wilkinson-Gleichner,27-04-2022,89.4,false
469,Energy Drink - Franks Original,food,906.66,97,Bashirian-Kuhn,23-02-2023,43.3,true
470,Pears - Fiorelle,clothing,619.75,88,"Hilpert, Lebsack and Medhurst",27-08-2022,74.7,true
471,Creamers - 10%,food,909.43,49,Dare Group,24-05-2022,8.3,false
472,Water - Evian 355 Ml,food,30.66,11,Tremblay-Mohr,11-06-2023,96.8,false
473,Crackers - Water,clothing,562.31,36,"Roberts, Welch and Frami",25-06-2022,81.4,true
474,Bacardi Mojito,electronics,93.96,88,Conn and Sons,15-07-2022,87.9,true
475,"Appetizer - Mini Egg Roll, Shrimp",clothing,314.98,15,Morissette-Schamberger,22-06-2022,50.5,true
476,Mushroom - Crimini,electronics,434.14,76,"Wilderman, Sawayn and Rohan",23-10-2022,46.0,true
477,Island Oasis - Wildberry,food,403.08,23,Turcotte-Hettinger,01-03-2022,12.4,true
478,"Cake Circle, Paprus",electronics,582.34,62,Moen-Wiegand,01-10-2022,9.1,true
479,Tuna - Fresh,food,490.51,41,"Wilkinson, Aufderhar and Zieme",18-02-2023,64.4,false
480,Breadfruit,clothing,680.96,9,Heathcote and Sons,15-10-2023,27.6,false
481,Chicken - Livers,food,266.46,84,Moen Group,04-06-2022,66.2,false
482,Beer - Upper Canada Light,food,20.14,60,"Kiehn, Lockman and Bahringer",04-09-2022,37.7,true
483,"Shrimp - 16/20, Iqf, Shell On",clothing,225.31,80,Casper-Cummerata,08-10-2022,38.0,true
484,Pan Grease,clothing,405.1,35,Williamson Group,22-03-2023,31.4,true
485,Tea - Jasmin Green,electronics,950.21,43,"Lindgren, Larkin and Hills",01-05-2023,91.7,false
486,Flower - Daisies,electronics,229.53,64,"Zboncak, Smith and Hackett",05-06-2022,94.7,false
487,"Ecolab - Orange Frc, Cleaner",food,954.28,63,Rice-Altenwerth,26-04-2022,12.7,true
488,"Pepper - Julienne, Frozen",electronics,196.84,83,Quitzon Group,09-05-2022,81.4,true
489,"Pepper - Green, Chili",clothing,45.82,7,"Hermiston, Goodwin and Bernhard",24-05-2023,42.1,true
490,Kohlrabi,food,51.91,100,Dare-Bradtke,22-05-2022,69.8,false
491,Ostrich - Prime Cut,food,877.67,67,"Parker, Runte and Kirlin",13-04-2022,50.8,true
492,Papayas,food,974.35,5,Champlin LLC,27-04-2022,25.6,true
493,Mudslide,food,842.79,25,Ward Inc,01-06-2022,75.3,false
494,Ice Cream Bar - Rolo Cone,electronics,327.53,49,"Kuhic, Weissnat and Runolfsdottir",15-06-2022,93.1,false
495,Pineapple - Golden,food,314.04,54,Beahan LLC,07-05-2022,9.3,false
496,Wine - Fino Tio Pepe Gonzalez,electronics,393.71,86,"Treutel, Carter and Yost",12-08-2022,64.7,true
497,Ecolab - Solid Fusion,electronics,564.72,5,Collins-Emmerich,16-09-2022,99.2,false
498,Versatainer Nc - 9388,clothing,387.7,60,Reichel-Auer,18-01-2023,26.2,true
499,Cocoa Powder - Natural,clothing,107.94,61,Hermann-Mraz,15-02-2023,89.0,true
500,Bread Fig And Almond,food,689.58,70,Bailey-Ritchie,02-04-2022,54.9,true
501,Beef - Eye Of Round,electronics,48.9,34,Daniel-Smith,28-04-2022,31.2,true
502,Cheese - Valancey,electronics,309.32,92,"Russel, Schmeler and Hagenes",04-12-2023,25.8,true
503,Venison - Liver,clothing,544.94,3,Jacobson LLC,26-01-2022,10.1,true
504,"Chicken - White Meat, No Tender",electronics,501.32,17,Ruecker-Hirthe,11-11-2022,74.2,false
505,Tea - Green,clothing,401.74,4,Koepp Inc,03-11-2023,21.1,false
506,Aspic - Light,food,707.1,70,Cremin-Marvin,06-03-2023,16.5,false
507,"Tortillas - Flour, 12",clothing,97.81,99,O'Keefe-Bechtelar,12-11-2022,61.5,true
508,"Sugar - Brown, Individual",food,43.43,58,"Nader, Bailey and Okuneva",27-10-2023,79.8,true
509,Puree - Blackcurrant,food,160.73,42,Balistreri-Marks,17-12-2023,15.0,true
510,Irish Cream - Baileys,food,676.04,15,"Muller, Klocko and Kunde",22-01-2022,93.3,true
511,Tea - Herbal - 6 Asst,food,450.95,43,"Krajcik, Gleichner and Pfannerstill",27-10-2023,94.2,true
512,Lobak,food,376.37,4,Grimes and Sons,16-08-2022,44.0,true
513,"Wine - Harrow Estates, Vidal",food,537.64,80,Ruecker-Medhurst,19-05-2023,93.0,false
514,"Soup - Clam Chowder, Dry Mix",clothing,905.93,84,Crist Group,03-12-2023,82.9,false
515,"Pasta - Canelloni, Single Serve",clothing,350.94,3,Kovacek-Lemke,29-09-2023,22.9,true
516,Cookie Dough - Double,clothing,936.38,44,Zulauf Group,27-09-2023,74.5,false
517,Soup Bowl Clear 8oz92008,food,489.26,50,"Nolan, Kautzer and Davis",16-08-2023,36.3,true
518,Cookies - Englishbay Wht,electronics,651.93,66,Breitenberg-Cole,13-10-2023,51.0,true
519,"Lid - 10,12,16 Oz",clothing,353.38,84,"Feeney, Denesik and Welch",15-08-2022,45.7,false
520,Tray - 16in Rnd Blk,food,232.88,85,Walsh-Reilly,18-01-2023,7.3,false
521,Mints - Striped Red,food,610.84,11,Cummings-Renner,21-04-2022,32.3,false
522,Flavouring - Orange,clothing,452.23,56,Kuhn-Larson,05-04-2022,54.6,false
523,Squash - Guords,electronics,594.72,28,Lemke-O'Kon,05-01-2023,97.4,false
524,Lid - 3oz Med Rec,clothing,234.4,3,Senger Inc,03-10-2023,92.0,false
525,Roe - White Fish,electronics,466.35,36,Kuphal Group,05-07-2022,58.2,false
526,Muffin - Bran Ind Wrpd,electronics,237.28,1,Bruen-Ledner,26-08-2023,77.4,false
527,Beets,clothing,363.74,9,Littel Inc,30-11-2023,95.9,false
528,Oil - Peanut,electronics,773.05,7,Kshlerin and Sons,24-03-2023,22.9,false
529,Longos - Chicken Cordon Bleu,food,15.99,55,Hermann-Altenwerth,16-11-2023,1.8,false
530,Bread - Focaccia Quarter,clothing,173.57,96,Luettgen LLC,14-06-2023,54.9,false
531,Coffee - Ristretto Coffee Capsule,clothing,818.98,62,Robel-Reinger,21-09-2023,29.9,false
532,Blue Curacao - Marie Brizard,food,750.3,29,Bartoletti-Mills,12-08-2022,38.7,false
533,"Fish - Scallops, Cold Smoked",electronics,836.94,93,"Shields, Morissette and Ledner",20-06-2022,16.1,false
534,Tart - Pecan Butter Squares,clothing,655.34,78,"Nienow, Block and Jerde",24-07-2023,71.4,false
535,"Placemat - Scallop, White",food,367.23,36,"Carter, Hayes and Bradtke",08-12-2022,39.0,true
536,Beef - Montreal Smoked Brisket,clothing,881.9,97,Renner-Kunde,08-12-2022,27.2,false
537,Sprouts - Alfalfa,clothing,973.52,25,Hintz and Sons,01-02-2023,46.6,true
538,Beer - Sleemans Honey Brown,electronics,149.31,49,Reynolds LLC,27-01-2022,19.8,true
539,Cleaner - Lime Away,food,44.8,18,Thiel-Pouros,19-10-2023,34.7,false
540,Vaccum Bag 10x13,electronics,393.54,86,"Kemmer, Cole and Mann",13-12-2023,21.9,true
541,Pastry - Baked Cinnamon Stick,food,440.81,1,Lueilwitz Group,22-01-2023,56.4,true
542,"Wine - Red, Gallo, Merlot",clothing,705.59,72,Green-Walter,09-01-2022,89.7,true
543,Trout - Smoked,food,215.95,77,Abernathy-Renner,21-05-2023,33.3,true
544,"Asparagus - White, Fresh",food,753.71,62,Rowe-Maggio,08-11-2022,54.4,false
545,Irish Cream - Baileys,clothing,192.27,41,"Stamm, Gulgowski and Boyle",17-04-2022,98.2,true
546,Alize Red Passion,food,220.13,23,Kuvalis Inc,25-09-2023,63.4,true
547,Chick Peas - Canned,electronics,163.76,52,Hirthe-Weimann,14-04-2022,43.4,true
548,Lamb - Shoulder,electronics,421.28,80,McDermott-Borer,13-06-2023,97.5,true
549,"Thyme - Lemon, Fresh",electronics,875.61,22,"Littel, Bernier and Murazik",09-03-2022,83.7,false
550,Mushroom - King Eryingii,food,566.11,24,Crist-Bartell,25-12-2022,77.5,false
551,Wine - Magnotta - Cab Franc,food,474.1,32,Macejkovic LLC,30-10-2022,10.4,false
552,Salt And Pepper Mix - Black,food,634.35,98,"Skiles, Hagenes and Christiansen",28-04-2022,0.3,true
553,"Iced Tea - Lemon, 460 Ml",food,514.55,23,"Bahringer, Kshlerin and Rolfson",06-12-2022,41.3,false
554,"Soup - Clam Chowder, Dry Mix",clothing,28.88,87,Daniel LLC,18-01-2023,82.3,true
555,Truffle - Whole Black Peeled,clothing,426.03,53,"Mohr, Carter and Gottlieb",29-11-2023,53.5,false
556,Mangostein,food,863.57,6,"Abernathy, Wehner and Schmitt",18-06-2022,56.7,true
557,Bread Crumbs - Japanese Style,electronics,973.74,12,Jerde-Kuhlman,30-01-2022,39.0,true
558,Pastry - Key Limepoppy Seed Tea,clothing,756.73,27,"Leuschke, Schuppe and Nolan",24-10-2023,49.2,false
559,Island Oasis - Pina Colada,electronics,618.97,91,Keeling-Schumm,18-11-2022,83.1,false
560,Rolled Oats,electronics,445.21,83,"Kozey, Weissnat and Oberbrunner",12-08-2023,17.7,true
561,"Veal - Inside, Choice",food,954.52,58,"Powlowski, Dach and Denesik",15-06-2022,52.0,true
562,Table Cloth 90x90 White,electronics,947.96,92,Kuhic Group,06-03-2022,64.7,true
563,Southern Comfort,electronics,526.67,79,"Ward, Tremblay and Von",04-08-2022,37.3,false
564,Longos - Chicken Curried,clothing,401.08,67,"Schamberger, Johnston and Pacocha",09-09-2022,43.0,false
565,Ham - Procutinni,clothing,384.44,9,Yundt-Considine,02-03-2023,60.7,true
566,Wine - Crozes Hermitage E.,food,670.1,70,"Lebsack, Heaney and Weissnat",29-10-2022,26.1,false
567,"Lamb - Shoulder, Boneless",clothing,554.54,49,Schimmel-Larkin,06-02-2022,78.7,true
568,Soup - Campbells Chicken,clothing,519.79,7,Brown Group,18-09-2022,94.7,false
569,Juice Peach Nectar,electronics,270.6,64,McClure Inc,19-11-2023,95.8,false
570,"Bag - Bread, White, Plain",food,33.9,82,Kirlin and Sons,10-08-2023,80.8,true
571,Glass Clear 7 Oz Xl,clothing,989.7,18,"Dickens, Graham and Steuber",09-01-2022,8.4,false
572,"Napkin - Beverge, White 2 - Ply",electronics,645.26,53,Turcotte-Strosin,21-05-2023,6.6,true
573,Mushroom - Lg - Cello,food,642.64,90,Goodwin LLC,03-01-2023,69.8,true
574,Bread - Pain Au Liat X12,food,505.37,64,Lowe-Heidenreich,23-08-2023,81.7,true
575,Soup Campbells - Italian Wedding,electronics,341.6,23,"Kling, Turcotte and Balistreri",12-02-2023,3.5,false
576,"Nut - Chestnuts, Whole",electronics,486.24,18,"Langosh, Zieme and Davis",06-02-2023,43.2,false
577,Yeast Dry - Fleischman,clothing,31.09,4,Shanahan Inc,27-09-2023,61.2,true
578,Coffee - Almond Amaretto,food,703.95,85,Hudson LLC,14-04-2023,16.7,false
579,Cabbage - Nappa,clothing,559.27,54,"Runolfsson, Murazik and Runolfsson",23-07-2023,74.2,true
580,Wild Boar - Tenderloin,electronics,963.03,71,"Wisozk, Armstrong and Zieme",17-07-2023,1.4,true
581,Oil - Cooking Spray,clothing,369.64,72,"Weissnat, Auer and Osinski",11-01-2023,23.1,true
582,Water - Evian 355 Ml,clothing,18.17,64,Nienow-Bailey,17-01-2023,28.8,true
583,"Zucchini - Mini, Green",electronics,725.4,36,"Bogan, Nader and McDermott",10-02-2022,56.5,false
584,Shrimp - Black Tiger 13/15,clothing,969.4,83,Rodriguez LLC,21-04-2022,0.9,false
585,Sole - Iqf,food,886.78,1,"Leuschke, Lehner and Jaskolski",04-11-2022,54.7,false
586,Cornflakes,electronics,31.16,72,Brekke-Ullrich,28-10-2022,48.4,true
587,Pail For Lid 1537,clothing,215.46,89,"Conn, Kuhn and Aufderhar",10-11-2022,33.0,true
588,"Wine - Red, Metus Rose",food,295.94,11,Stoltenberg Group,20-04-2023,90.4,true
589,Sesame Seed,electronics,233.31,26,"Weimann, Simonis and Prohaska",30-10-2022,38.8,true
590,Lobster - Base,clothing,592.23,34,Parisian-Cummerata,09-10-2022,9.3,true
591,Tea - Herbal Orange Spice,electronics,54.81,78,Jerde-Larson,04-01-2023,41.6,true
592,Water - Aquafina Vitamin,electronics,75.2,35,Vandervort LLC,09-03-2023,43.3,false
593,Carbonated Water - Blackcherry,food,747.36,30,"Stamm, Schneider and DuBuque",08-12-2023,84.3,true
594,Dr. Pepper - 355ml,electronics,198.32,40,Gleason Group,05-09-2022,97.3,true
595,Water - Perrier,clothing,89.38,34,Muller and Sons,15-09-2023,69.3,false
596,Sauce - Oyster,clothing,528.86,25,"Mayer, Steuber and Sipes",26-10-2022,64.2,false
597,Table Cloth 62x120 Colour,electronics,393.55,85,Oberbrunner-Kozey,03-05-2023,53.9,false
598,Wine - Duboeuf Beaujolais,clothing,741.92,88,Pfeffer-Ankunding,25-05-2022,52.1,false
599,Calypso - Strawberry Lemonade,food,992.45,83,Kuhn Inc,24-07-2023,70.3,false
600,"Soup - Campbells, Cream Of",clothing,949.45,56,"Treutel, Hagenes and Heidenreich",26-04-2023,47.8,true
601,"Sauce - White, Mix",clothing,353.15,27,"Harris, Rogahn and Roberts",11-08-2022,76.8,false
602,"Potatoes - Purple, Organic",electronics,867.93,45,Mills Group,02-03-2022,51.4,true
603,Potatoes - Pei 10 Oz,food,995.42,57,MacGyver-Goldner,05-02-2022,25.5,false
604,"Lemonade - Island Tea, 591 Ml",clothing,106.24,85,Legros-Ledner,07-12-2023,79.5,false
605,Wine - Sicilia Igt Nero Avola,electronics,129.61,73,Heidenreich-Schmitt,29-01-2022,84.7,true
606,Sea Bass - Whole,electronics,724.19,60,Dibbert LLC,23-05-2023,72.5,false
607,Bagelers - Cinn / Brown,clothing,75.6,38,Treutel-Marquardt,23-09-2022,46.1,true
608,Ecolab - Lime - A - Way 4/4 L,electronics,378.11,85,Dicki-Strosin,04-10-2023,87.1,true
609,Lamb - Bones,electronics,562.6,98,Douglas-Lind,30-05-2022,43.8,false
610,"Arctic Char - Fresh, Whole",food,616.37,94,Heaney and Sons,01-06-2022,9.0,false
611,"Coke - Diet, 355 Ml",clothing,943.53,55,"Metz, Wunsch and Feeney",20-10-2023,22.1,true
612,Soup Knorr Chili With Beans,food,787.86,52,Kreiger LLC,06-06-2023,88.6,false
613,Beef - Tender Tips,electronics,530.64,53,Nicolas Group,14-09-2023,27.0,false
614,"Plate - Foam, Bread And Butter",clothing,320.66,44,"Price, Cassin and Schuppe",20-02-2022,93.6,true
615,Beer - Sleemans Cream Ale,food,740.09,87,"Bartell, Schultz and Kiehn",05-07-2022,13.9,true
616,"Nut - Walnut, Chopped",food,10.18,58,Nienow Group,20-12-2022,60.2,false
617,Alize Gold Passion,clothing,584.07,43,Smitham Group,26-06-2022,38.5,false
618,"Rum - White, Gg White",clothing,830.39,28,Cummings-Cassin,27-01-2022,56.5,true
619,Tea - Green,clothing,320.35,2,"Mitchell, Maggio and Feest",13-11-2023,83.1,false
620,Tomatillo,food,237.47,52,"Keeling, Kuhn and Price",17-10-2022,23.4,false
621,Pork - Inside,food,986.53,5,Kertzmann and Sons,23-03-2022,19.2,true
622,Cookies - Fortune,food,737.98,34,Schiller-Tillman,25-01-2023,89.3,false
623,"Artichokes - Knobless, White",clothing,304.85,51,"Hudson, White and Smitham",24-12-2023,93.6,true
624,Energy Drink Red Bull,clothing,108.64,96,Volkman Group,13-03-2023,56.7,false
625,Beer - Original Organic Lager,food,525.25,34,Yundt-Walsh,15-12-2022,33.3,false
626,Cheese - Taleggio D.o.p.,clothing,203.56,67,Raynor LLC,01-01-2022,12.3,true
627,Wild Boar - Tenderloin,clothing,129.11,6,Luettgen-Thompson,13-12-2022,46.2,false
628,Pastry - Key Limepoppy Seed Tea,clothing,973.53,2,"Bauch, Lebsack and Nicolas",02-02-2022,88.5,true
629,Cheese - La Sauvagine,electronics,294.08,76,Barrows-Little,26-09-2023,59.2,false
630,Chef Hat 25cm,clothing,271.36,40,"Kris, Wyman and Cummings",03-12-2023,86.4,true
631,Veal - Insides Provini,clothing,165.9,76,Kovacek Group,14-02-2022,71.3,false
632,Nantucket - Pomegranate Pear,electronics,545.94,25,"Stamm, Kuhlman and Mann",06-01-2022,38.7,true
633,Coffee Beans - Chocolate,electronics,308.5,69,Mitchell-Roob,21-07-2022,75.4,true
634,"Chicken - Leg, Fresh",electronics,645.82,20,Rice LLC,18-10-2023,52.8,false
635,Jam - Raspberry,food,375.89,31,Pollich LLC,28-01-2022,30.0,false
636,Dried Cranberries,food,592.37,28,"Heathcote, Boehm and Morissette",12-08-2022,80.1,true
637,"Cheese - Woolwich Goat, Log",food,245.61,79,Carter-Reinger,06-06-2023,14.7,true
638,Pecan Raisin - Tarts,food,260.82,40,Kerluke Inc,29-08-2023,4.1,true
639,Cream - 10%,electronics,709.39,13,"Cruickshank, Reichel and Strosin",29-08-2023,15.8,true
640,"Nut - Peanut, Roasted",clothing,530.4,96,Berge Group,24-01-2023,35.8,true
641,Soup Campbells - Italian Wedding,electronics,278.11,64,Gislason-Goodwin,18-06-2022,25.2,true
642,Sauce Tomato Pouch,clothing,439.16,14,"Williamson, Harvey and Tremblay",01-02-2022,63.9,false
643,Lemon Grass,clothing,337.63,32,Hartmann Inc,12-09-2023,92.0,true
644,Muffin Mix - Blueberry,food,182.55,41,Wintheiser-Stiedemann,19-01-2022,95.9,true
645,Creme De Cacao White,electronics,748.6,87,Kris-Funk,09-10-2023,70.6,false
646,"Noodles - Cellophane, Thin",food,82.68,3,Champlin LLC,31-05-2023,38.0,false
647,Island Oasis - Ice Cream Mix,electronics,855.47,39,Hartmann Inc,10-03-2023,5.5,false
648,"Beef - Rib Roast, Capless",food,884.23,10,Emmerich-Reinger,14-11-2022,92.5,true
649,Bread Country Roll,electronics,176.77,62,Casper and Sons,24-06-2022,92.3,false
650,Cheese - Marble,food,971.52,21,"Haley, Batz and Nitzsche",23-03-2023,60.3,true
651,Wine - Taylors Reserve,food,112.96,93,Keeling-Metz,20-11-2022,48.9,false
652,Pepper - Green Thai,food,759.37,88,Donnelly-Ferry,02-10-2022,28.0,false
653,Bread - 10 Grain Parisian,food,493.98,90,"Cronin, Quigley and Hettinger",24-05-2022,9.7,true
654,Oil - Macadamia,clothing,887.29,13,"Koch, Gusikowski and Grady",08-04-2023,50.3,true
655,"Basil - Primerba, Paste",electronics,797.94,49,Dach-Tillman,04-07-2023,13.9,true
656,Ice Cream Bar - Hagen Daz,food,37.78,38,"Gleason, Lang and Weissnat",24-08-2022,94.7,true
657,Grouper - Fresh,food,944.68,11,Buckridge Inc,13-08-2023,3.3,true
658,Vector Energy Bar,food,119.71,12,Bruen-Grant,10-02-2022,5.3,false
659,Cake - Mini Cheesecake,electronics,899.76,20,"Herzog, Farrell and Blick",30-09-2023,35.1,true
660,Mousse - Passion Fruit,food,64.49,36,"Russel, Treutel and Howell",21-10-2022,30.4,true
661,Fruit Salad Deluxe,clothing,932.3,55,Gorczany-Wolf,20-09-2023,81.2,false
662,Port - 74 Brights,electronics,658.08,72,"Grant, Murphy and Gutmann",30-07-2023,37.0,false
663,"Beans - Navy, Dry",clothing,164.36,42,King-Beier,08-04-2022,45.4,false
664,Lettuce - Spring Mix,electronics,977.79,33,Lebsack and Sons,10-02-2023,41.3,true
665,Chips - Miss Vickies,clothing,726.52,74,Morissette Group,25-10-2023,82.1,true
666,Foil - Round Foil,food,972.51,98,Hayes Inc,26-09-2023,46.3,false
667,"Chilli Paste, Ginger Garlic",food,769.99,54,Moore Inc,04-02-2023,50.1,true
668,"Cheese - Mozzarella, Buffalo",clothing,219.37,69,O'Hara Inc,06-12-2022,13.8,false
669,"Pasta - Rotini, Dry",food,981.66,57,Murray-Fadel,13-06-2022,71.1,false
670,"Pasta - Cappellini, Dry",electronics,227.34,96,McKenzie-Harvey,02-09-2022,40.6,true
671,Heavy Duty Dust Pan,clothing,311.94,9,"Padberg, Wiegand and Jaskolski",26-12-2023,12.0,false
672,"Soup - Campbells, Lentil",food,971.07,53,Hammes-Medhurst,05-08-2023,45.5,true
673,Smirnoff Green Apple Twist,clothing,766.85,46,Gibson Inc,24-05-2022,74.3,false
674,Tart - Raisin And Pecan,food,492.11,6,Hayes and Sons,21-08-2022,78.1,false
675,Appetizer - Asian Shrimp Roll,food,782.95,79,Runte Group,11-11-2022,57.2,true
676,Oil - Canola,food,667.61,52,Kohler-Bruen,04-12-2022,69.9,true
677,Chocolate - Dark Callets,food,226.08,55,Spencer-Schroeder,09-02-2023,97.5,true
678,Pepsi - 600ml,electronics,374.81,73,Balistreri-Wehner,30-06-2022,21.2,true
679,Iced Tea Concentrate,electronics,287.6,42,Lockman-Morar,22-01-2023,86.6,false
680,Shrimp - Tiger 21/25,clothing,636.07,84,Harvey LLC,28-10-2023,36.9,false
681,Wine - Pinot Noir Pond Haddock,electronics,766.94,30,Rowe-Yost,04-05-2022,6.6,false
682,Foam Tray S2,food,303.47,16,"Muller, Quigley and Rice",11-01-2022,49.0,false
683,"Bread - Roll, Canadian Dinner",clothing,66.95,55,"Kunde, Kub and Morar",13-08-2023,67.3,false
684,Sugar - Splenda Sweetener,electronics,404.27,5,"Lubowitz, Ziemann and Lang",31-10-2023,50.0,false
685,Onions Granulated,clothing,319.45,41,"Dietrich, Conn and Veum",26-10-2022,97.9,true
686,Vinegar - White,food,861.37,62,"Bosco, Simonis and Lynch",21-10-2023,20.3,true
687,Pork Ham Prager,food,400.82,81,Runte-Denesik,01-05-2022,48.0,true
688,Marzipan 50/50,clothing,101.11,91,"Goldner, Koss and Anderson",28-07-2023,58.2,false
689,Coffee - 10oz Cup 92961,clothing,769.18,64,Brown LLC,29-01-2023,85.4,true
690,Nacho Chips,electronics,356.37,7,Pagac LLC,13-05-2023,53.9,false
691,Bacardi Breezer - Tropical,food,929.44,52,Graham LLC,12-12-2022,76.4,false
692,Island Oasis - Magarita Mix,clothing,449.17,96,Denesik-Kling,29-07-2023,91.1,false
693,Capers - Ox Eye Daisy,electronics,309.35,33,"Leuschke, O'Kon and Bradtke",28-06-2023,44.0,false
694,Squash - Sunburst,clothing,298.25,45,Heathcote LLC,15-09-2023,88.5,false
695,White Fish - Filets,food,400.3,78,"O'Kon, Hodkiewicz and Kuhic",15-04-2023,27.3,true
696,Wine - Valpolicella Masi,clothing,716.13,71,"Raynor, McKenzie and Zboncak",30-06-2022,46.2,false
697,Sobe - Liz Blizz,clothing,281.46,9,"Bosco, Russel and Terry",03-06-2023,3.5,false
698,Rabbit - Saddles,electronics,422.53,77,Bosco-Rice,15-09-2022,19.6,true
699,Coffee - Hazelnut Cream,clothing,698.41,29,Kihn-Wolff,25-02-2022,25.9,false
700,Cactus Pads,electronics,359.92,72,"Wolf, Kessler and Stanton",23-04-2022,17.9,false
701,Kolrabi,clothing,901.41,32,"Reynolds, Spencer and Bahringer",24-05-2023,83.4,true
702,Bread - Petit Baguette,clothing,917.56,38,Waters Inc,07-06-2023,88.7,true
703,Uniform Linen Charge,clothing,955.51,58,Davis LLC,10-01-2023,41.5,false
704,Port - 74 Brights,food,226.69,27,Kub-Rice,28-08-2023,73.7,true
705,Wine - Casillero Del Diablo,electronics,289.36,82,"Gorczany, Schmeler and Mann",16-02-2023,87.9,true
706,Dehydrated Kelp Kombo,clothing,991.43,53,Steuber-Crooks,26-06-2023,57.5,false
707,Radish,food,588.99,10,"Hauck, Herman and Wilderman",04-03-2023,46.0,false
708,Corn Shoots,clothing,463.73,100,Lesch LLC,14-02-2022,72.3,true
709,Anchovy In Oil,electronics,514.51,31,Block Inc,16-09-2022,95.3,true
710,"Juice - Apple, 1.36l",food,160.1,56,Kris-Kreiger,15-03-2023,14.5,true
711,Sausage - Meat,clothing,11.9,11,"Aufderhar, Marvin and Strosin",10-01-2023,2.9,false
712,Syrup - Monin - Passion Fruit,food,456.27,71,Barrows-Braun,12-10-2023,21.5,true
713,Chives - Fresh,food,734.1,95,"Kirlin, Prohaska and Hoeger",10-10-2023,51.8,true
714,Red Currants,electronics,803.51,24,Aufderhar-McDermott,26-12-2023,16.1,false
715,"Wine - White, Ej",electronics,375.6,82,Wolf-Gottlieb,05-01-2023,61.0,true
716,Juice - Lime,clothing,318.33,72,Goodwin-Moen,06-08-2023,17.3,true
717,Bread - Olive,electronics,833.13,85,Kozey and Sons,12-06-2023,8.8,false
718,"Onions - Dried, Chopped",food,441.46,8,Muller-Dibbert,30-03-2023,99.9,false
719,Ham - Cooked Bayonne Tinned,electronics,405.6,91,Schneider-Mann,06-10-2022,96.4,false
720,Truffle Shells - White Chocolate,clothing,315.05,70,Lynch-Hettinger,06-07-2023,55.0,true
721,Lady Fingers,clothing,74.7,84,Heathcote LLC,11-10-2022,60.0,false
722,Snapple Raspberry Tea,clothing,341.66,1,Crona-Kessler,30-01-2022,46.2,true
723,Pork Ham Prager,clothing,411.43,3,"Jaskolski, Kuhic and White",21-12-2022,6.6,false
724,Lid - 0090 Clear,clothing,83.57,34,"Wintheiser, Larson and O'Keefe",25-06-2023,12.5,true
725,Rootbeer,electronics,686.15,57,Grimes and Sons,11-09-2022,7.5,false
726,Soup Campbells,clothing,619.28,46,"Miller, Hammes and Von",20-11-2022,99.8,false
727,Muffin Mix - Corn Harvest,clothing,743.94,12,Erdman-Block,18-12-2023,96.4,false
728,Bread Base - Gold Formel,food,887.45,84,"Willms, Bartell and Stamm",14-11-2022,0.6,false
729,Puff Pastry - Sheets,electronics,151.65,88,"Parisian, Wuckert and Jakubowski",23-12-2023,53.7,true
730,Muffin Carrot - Individual,electronics,907.19,22,Romaguera-Glover,01-03-2023,49.9,false
731,Lettuce - Red Leaf,electronics,977.26,66,Beer-Lynch,05-02-2022,57.8,false
732,"Artichokes - Knobless, White",electronics,779.93,55,Jacobs-Hyatt,06-02-2022,88.8,true
733,Sauce - Hoisin,clothing,803.57,29,Parisian LLC,09-06-2023,14.7,true
734,Carrots - Mini Red Organic,food,180.13,28,"Upton, Langworth and Huels",17-12-2022,73.9,true
735,Pepperoni Slices,electronics,20.78,17,Williamson and Sons,26-01-2023,93.9,false
736,Sugar - Invert,clothing,655.87,54,Keebler-Kulas,07-12-2022,73.6,false
737,Bread - Ciabatta Buns,food,955.73,15,"Rolfson, Turner and Schoen",22-05-2023,19.5,true
738,Veal - Eye Of Round,electronics,686.11,84,Greenholt and Sons,22-08-2022,33.4,false
739,Sambuca Cream,clothing,98.5,19,"Hettinger, Kerluke and Cartwright",17-03-2022,30.9,true
740,Cheese - Bocconcini,food,273.69,14,"Mayer, Walker and Schoen",18-10-2023,37.2,false
741,Bread - Raisin Walnut Pull,food,985.31,42,Harvey-Effertz,27-01-2023,69.5,false
742,Chocolate - Milk Coating,clothing,860.96,95,Hilll Inc,28-03-2022,95.5,false
743,"Mushrooms - Black, Dried",food,676.13,34,Hettinger Inc,01-10-2022,60.9,false
744,"Sauce - White, Mix",electronics,690.95,86,Koss and Sons,10-05-2022,40.9,false
745,Longos - Chicken Cordon Bleu,electronics,247.83,78,"Huel, Hermiston and Kshlerin",03-10-2023,70.7,true
746,Hog / Sausage Casing - Pork,food,177.88,69,Prohaska-Okuneva,16-10-2023,34.0,true
747,Wine - Lamancha Do Crianza,clothing,981.69,87,Halvorson and Sons,05-11-2022,69.2,false
748,Cheese - Parmigiano Reggiano,clothing,99.07,66,Braun Group,16-12-2022,76.9,true
749,"Soup - Campbells, Lentil",electronics,879.5,11,"Kemmer, Lehner and Heathcote",14-05-2023,13.9,true
750,Chicken - Bones,food,53.21,44,"Jacobi, O'Kon and Abshire",27-10-2023,26.8,true
751,"Cheese - Romano, Grated",electronics,385.06,99,Schmitt Inc,09-07-2023,92.7,true
752,"Beef - Ox Tail, Frozen",electronics,627.17,83,Heathcote and Sons,19-07-2022,78.5,false
753,Clam - Cherrystone,food,960.9,82,Hauck-Rolfson,15-08-2023,14.5,true
754,"Soup - Canadian Pea, Dry Mix",electronics,269.25,25,"Johns, Rippin and Rodriguez",24-05-2022,70.1,true
755,Bay Leaf Fresh,electronics,770.33,5,Hermiston Group,29-07-2023,10.0,false
756,Wine - Vovray Sec Domaine Huet,electronics,589.19,45,Weissnat Group,24-08-2022,8.3,true
757,Coffee - Decaffeinato Coffee,food,2.44,57,Torphy-Wisoky,26-08-2022,29.9,false
758,Glass Clear 8 Oz,electronics,111.08,70,Blick-Hammes,23-02-2022,21.1,true
759,Soho Lychee Liqueur,electronics,494.92,58,Willms-Hane,26-03-2022,32.8,false
760,Pie Filling - Apple,clothing,142.76,43,Rolfson LLC,24-01-2022,26.7,false
761,Sugar - Splenda Sweetener,clothing,765.82,40,Emmerich LLC,15-10-2022,49.2,true
762,Chick Peas - Dried,clothing,752.83,90,Ortiz-Hintz,01-12-2022,77.5,false
763,Yogurt - Assorted Pack,clothing,749.55,12,"Witting, Fisher and Wiza",14-05-2022,87.0,false
764,"Beef - Rouladin, Sliced",clothing,372.97,55,"Mayer, Dach and Bradtke",19-06-2023,10.7,false
765,Puree - Mango,food,799.04,73,Cruickshank Inc,24-10-2023,72.9,true
766,Leeks - Large,food,996.04,9,Weber Inc,01-10-2023,33.1,false
767,Pork - Kidney,clothing,754.12,79,"Fadel, Oberbrunner and Volkman",20-08-2022,20.8,false
768,Shrimp - Prawn,food,759.23,73,MacGyver-Murray,20-06-2023,12.3,false
769,Foam Cup 6 Oz,food,716.31,65,"Weissnat, Runolfsdottir and Littel",25-08-2022,27.3,true
770,Muffin - Mix - Bran And Maple 15l,clothing,667.46,99,Hayes LLC,05-07-2022,84.7,false
771,Chicken - Whole Roasting,food,56.66,97,"DuBuque, Padberg and Zemlak",31-08-2023,27.2,false
772,Snapple Lemon Tea,clothing,244.64,61,Mayert Inc,21-06-2022,62.6,true
773,Milk - Homo,clothing,347.55,5,Medhurst-Marks,03-10-2022,25.6,true
774,Latex Rubber Gloves Size 9,electronics,369.24,70,"Jakubowski, Turner and Quigley",01-05-2023,84.1,false
775,"Sugar - Brown, Individual",food,486.99,48,Nitzsche Inc,14-10-2023,16.2,false
776,"Turkey - Breast, Boneless Sk On",food,316.45,66,Huels-Kulas,22-09-2022,92.8,true
777,Wine - Winzer Krems Gruner,clothing,989.06,84,"Toy, Dicki and Orn",13-07-2022,40.4,false
778,"Chicken - Wings, Tip Off",clothing,323.71,11,"Nienow, Gerlach and Kemmer",27-06-2023,12.3,false
779,Hersey Shakes,clothing,322.4,70,"Williamson, Roberts and Murazik",01-04-2022,13.2,true
780,Sugar - Icing,electronics,225.25,80,Langworth-Doyle,10-09-2022,79.0,false
781,Bread Base - Toscano,food,427.69,32,Skiles-Harvey,26-09-2023,4.0,false
782,Clams - Bay,clothing,814.22,43,Mertz Group,04-03-2023,46.1,true
783,Wine - Acient Coast Caberne,clothing,185.83,66,Lakin and Sons,09-11-2023,73.6,true
784,Coffee - French Vanilla Frothy,electronics,656.56,34,"Beahan, Dach and Halvorson",29-01-2023,70.9,false
785,Uniform Linen Charge,electronics,216.23,43,Cummerata Inc,22-01-2023,8.3,true
786,"Tortillas - Flour, 12",electronics,111.69,90,Mertz-Morar,28-05-2023,2.0,true
787,Noodles - Steamed Chow Mein,electronics,482.6,15,Mann-Johns,21-05-2023,47.4,true
788,Carbonated Water - Lemon Lime,clothing,890.36,14,Spinka Inc,23-11-2022,11.8,true
789,Lumpfish Black,food,322.14,59,Lindgren-Hudson,21-04-2022,3.1,false
790,Flower - Dish Garden,clothing,818.28,14,"Kuhn, Ledner and Lakin",11-11-2022,42.4,false
791,Ostrich - Fan Fillet,food,70.44,87,"Schuppe, Rodriguez and Heathcote",15-10-2022,61.2,false
792,Asparagus - Mexican,clothing,216.06,71,"Klocko, Considine and Paucek",05-02-2023,54.0,true
793,Sugar - Brown,clothing,669.46,9,Miller Inc,02-08-2022,79.8,false
794,Bread - Kimel Stick Poly,food,986.21,49,Hyatt Inc,20-12-2023,34.6,false
795,Sponge Cake Mix - Vanilla,electronics,522.34,72,Leannon and Sons,03-08-2023,45.6,true
796,Almonds Ground Blanched,clothing,869.9,6,"Haag, Langosh and Rice",17-04-2022,1.0,false
797,Ginger - Crystalized,electronics,836.21,66,Thompson Inc,21-11-2022,9.8,false
798,Sugar Thermometer,electronics,805.67,32,Boehm Inc,25-11-2023,91.8,true
799,Scallops - U - 10,food,921.73,40,Beahan-Zieme,01-11-2022,88.1,false
800,Rabbit - Frozen,clothing,485.55,90,"Mayer, Walker and Nienow",01-10-2022,34.8,true
801,"Chicken - Breast, 5 - 7 Oz",clothing,253.15,88,Rolfson and Sons,27-08-2023,0.9,true
802,Water Chestnut - Canned,food,10.46,7,Cronin-Kessler,11-01-2022,94.6,false
803,Pimento - Canned,clothing,270.83,35,"Bashirian, Schimmel and Thiel",19-12-2022,34.0,true
804,Alize Gold Passion,clothing,275.5,27,Schultz LLC,11-11-2022,26.1,true
805,Cheese - Swiss,clothing,441.78,81,Zemlak-Kutch,26-08-2022,7.0,true
806,Lady Fingers,clothing,965.26,96,Hodkiewicz-Cronin,13-03-2023,80.2,true
807,Milk - 2% 250 Ml,food,947.08,49,"Gerlach, Wehner and O'Connell",13-01-2023,12.5,false
808,Container - Hngd Cll Blk 7x7x3,clothing,303.77,4,"Powlowski, Barrows and Koch",22-12-2023,16.5,false
809,Dried Cherries,food,185.44,89,Senger-Stehr,26-07-2022,11.2,false
810,Momiji Oroshi Chili Sauce,clothing,723.95,20,Wintheiser Group,16-08-2023,66.9,false
811,Allspice - Jamaican,food,234.36,50,Osinski LLC,07-02-2023,55.9,false
812,Soupfoamcont12oz 112con,food,834.67,95,"Mohr, Bauch and Kozey",30-06-2022,82.7,true
813,Squid U5 - Thailand,clothing,493.21,59,"Pfeffer, Little and Kovacek",29-09-2023,35.6,true
814,Ham - Proscuitto,food,462.16,91,"Yost, McDermott and Christiansen",24-04-2022,77.6,false
815,Pail For Lid 1537,clothing,986.76,15,Kemmer-Runolfsdottir,19-10-2023,40.4,false
816,Lamb - Whole Head Off,clothing,980.96,88,"Kihn, Koch and Metz",08-07-2022,51.2,true
817,"Soda Water - Club Soda, 355 Ml",clothing,398.71,31,Mitchell Group,11-05-2023,69.6,true
818,"Rum - Light, Captain Morgan",electronics,682.42,50,Reynolds Inc,07-04-2022,9.1,true
819,"Melon - Watermelon, Seedless",food,226.23,27,Stanton-Brakus,06-01-2023,8.4,false
820,The Pop Shoppe Pinapple,food,793.52,99,"Block, Morar and Rice",10-02-2022,65.6,false
821,Olives - Kalamata,food,50.85,19,Hills-Crooks,07-01-2023,31.6,true
822,"Halibut - Whole, Fresh",clothing,678.12,79,"Cummings, Crooks and Grady",25-11-2023,62.5,true
823,Bread - Ciabatta Buns,food,6.05,44,Ruecker-Mayert,01-12-2023,59.2,false
824,Wine - Spumante Bambino White,food,266.33,33,Carroll Group,08-01-2022,85.9,false
825,Pork - Sausage Casing,electronics,119.27,54,Miller-Schowalter,19-02-2023,64.8,false
826,"Doilies - 10, Paper",electronics,58.83,88,"Murray, Tillman and Jenkins",17-04-2022,23.1,false
827,Cookie - Dough Variety,electronics,638.12,77,"Pagac, Kutch and Carter",30-05-2023,72.7,false
828,Tart - Butter Plain Squares,electronics,533.72,87,Anderson Inc,07-04-2022,66.5,false
829,Pasta - Agnolotti - Butternut,clothing,161.85,9,"VonRueden, Schowalter and Weber",21-06-2023,8.3,false
830,Iced Tea Concentrate,food,315.19,79,"Johnston, Mann and Douglas",22-05-2022,23.0,true
831,Galliano,food,894.87,2,Runolfsson LLC,05-01-2023,67.9,false
832,"Tomatoes - Diced, Canned",electronics,773.41,89,O'Hara Group,12-09-2023,20.9,true
833,Beer - Maudite,food,625.08,71,Mayert Group,03-02-2023,2.8,false
834,Cheese - Gouda Smoked,clothing,936.47,39,"Turcotte, Collier and Hauck",26-07-2022,59.2,false
835,Nut - Macadamia,electronics,757.79,83,Jacobi-Lueilwitz,12-11-2022,95.2,true
836,Pumpkin,clothing,748.77,69,Skiles Inc,07-01-2022,9.7,true
837,Oven Mitts 17 Inch,clothing,431.75,23,Tillman Group,23-11-2023,55.3,false
838,"Apple - Delicious, Red",food,937.76,76,Pouros-Bode,26-09-2023,46.4,false
839,Bread - Sour Batard,clothing,85.84,52,"Swaniawski, Carter and Upton",15-08-2023,57.6,false
840,Ecolab - Solid Fusion,food,223.99,91,"Fay, Grimes and Labadie",09-04-2022,92.0,false
841,Lettuce - Treviso,clothing,721.1,28,Johns Inc,18-09-2023,96.7,true
842,Container - Clear 32 Oz,electronics,274.51,40,"Davis, Rath and Oberbrunner",08-04-2023,76.8,true
843,Muffin Batt - Carrot Spice,food,865.36,79,Kreiger-Keeling,20-12-2023,1.0,true
844,Ham - Cooked Italian,clothing,883.8,60,"Klein, Jacobs and Prohaska",01-06-2022,62.7,false
845,Spinach - Baby,electronics,587.43,91,Spinka-Bosco,26-04-2023,97.3,false
846,Pate Pans Yellow,clothing,402.42,89,Deckow LLC,14-09-2022,10.9,true
847,Blueberries - Frozen,clothing,646.99,42,"Runte, Stoltenberg and Morar",28-08-2023,40.1,true
848,Capers - Pickled,electronics,343.23,28,"Kassulke, Klocko and Price",26-10-2023,26.1,false
849,Dry Ice,clothing,198.96,89,"King, Pouros and Graham",02-11-2023,67.9,true
850,Roe - Flying Fish,clothing,832.68,22,Osinski and Sons,06-02-2022,86.3,false
851,Monkfish Fresh - Skin Off,clothing,322.01,95,"Connelly, Hintz and Schinner",06-07-2023,15.4,false
852,Rambutan,clothing,251.75,17,"Macejkovic, O'Conner and Ferry",27-09-2022,4.8,true
853,Vodka - Moskovskaya,electronics,457.22,44,O'Reilly-Dickens,17-03-2023,15.3,false
854,"Vermouth - White, Cinzano",food,89.36,31,Kilback-Kulas,25-08-2022,100.0,true
855,Cod - Black Whole Fillet,food,970.56,61,"Herzog, Labadie and Wyman",09-08-2022,89.6,false
856,Salt And Pepper Mix - Black,food,216.65,3,"Larson, Hamill and Lynch",04-08-2023,46.7,false
857,Basil - Thai,electronics,661.06,14,Tremblay-Kunde,17-08-2022,35.1,true
858,Cookies - Amaretto,electronics,179.46,82,Sipes-Spinka,08-06-2022,43.9,false
859,Cookies Cereal Nut,clothing,532.06,16,Abshire-Hermann,11-10-2023,70.7,false
860,Tomato - Tricolor Cherry,food,792.16,30,"Champlin, Bartoletti and Vandervort",03-02-2023,23.4,true
861,Raisin - Dark,clothing,195.99,2,"Sporer, Murray and Feeney",21-01-2023,5.0,true
862,Water - Aquafina Vitamin,food,16.94,36,"Beier, Champlin and Rowe",01-10-2022,27.4,true
863,Crab - Soft Shell,clothing,36.29,48,Leuschke-Blanda,21-02-2023,91.8,false
864,"Liners - Banana, Paper",clothing,840.38,58,Johnson Group,27-06-2022,29.5,false
865,Coffee - Flavoured,electronics,159.7,14,"Hagenes, Kulas and Quigley",19-04-2023,76.0,true
866,Yokaline,clothing,762.64,22,Beahan-Gerhold,08-08-2022,6.8,true
867,Chef Hat 20cm,food,611.07,10,"Vandervort, Douglas and Wunsch",12-12-2022,28.1,false
868,Beef - Salted,food,117.45,38,Runte-Gerhold,10-06-2022,76.5,false
869,French Pastries,food,54.52,59,Ryan-Luettgen,16-03-2023,83.6,true
870,"Trout - Hot Smkd, Dbl Fillet",food,25.87,71,"Auer, Rohan and Lakin",16-10-2023,95.2,false
871,"Artichoke - Hearts, Canned",food,809.91,66,Zboncak-Hoeger,05-12-2022,62.4,true
872,Flour - Bread,food,274.81,65,"Walsh, O'Conner and Schneider",23-02-2022,60.7,false
873,Beer - Camerons Cream Ale,electronics,654.74,98,"Connelly, Rippin and Torphy",19-05-2022,59.4,true
874,Mushroom - Porcini Frozen,clothing,365.04,4,Hand-Howell,08-06-2023,98.9,true
875,"Turkey - Whole, Fresh",clothing,373.21,35,Crist Group,05-05-2022,89.6,false
876,Juice - Mango,electronics,339.43,55,Hessel Group,06-02-2022,69.1,true
877,Jameson - Irish Whiskey,food,638.88,63,Paucek Inc,04-02-2022,45.1,false
878,Instant Coffee,electronics,597.14,38,Boyer-Grimes,27-12-2023,70.7,false
879,Bacardi Limon,electronics,489.88,41,Deckow LLC,22-04-2022,21.8,true
880,Oil - Cooking Spray,clothing,373.69,17,"Pagac, Paucek and Kassulke",05-08-2023,11.9,true
881,Oven Mitt - 13 Inch,food,795.0,57,Orn-Ward,25-06-2023,98.6,true
882,Chambord Royal,clothing,621.38,18,"Walsh, King and Graham",08-12-2022,7.3,false
883,Apple - Macintosh,electronics,29.47,31,Greenfelder-Bauch,09-10-2022,92.5,false
884,Lamb Tenderloin Nz Fr,clothing,666.22,93,Gutmann Group,19-08-2022,87.2,false
885,Lumpfish Black,food,659.52,79,Beahan Inc,16-03-2022,69.1,false
886,Vinegar - Cider,food,331.94,2,Smith-Lang,22-03-2023,9.5,false
887,Tea - Honey Green Tea,electronics,41.04,75,"Moore, Howell and Bartoletti",27-12-2023,27.9,true
888,The Pop Shoppe - Black Cherry,food,485.73,48,Beatty-Pollich,01-07-2022,78.6,true
889,Durian Fruit,electronics,704.2,30,Miller-Christiansen,25-05-2022,5.8,true
890,Cod - Fillets,electronics,974.17,80,Toy-Barrows,15-11-2022,38.3,true
891,Icecream - Dstk Super Cone,food,242.09,90,"O'Kon, Dickinson and Ritchie",08-07-2022,37.0,false
892,Cheese - Fontina,electronics,876.92,66,Monahan LLC,24-02-2023,46.6,false
893,Eel - Smoked,clothing,284.35,23,Dooley Group,14-03-2022,2.0,true
894,"Wine - Mas Chicet Rose, Vintage",food,836.78,55,"Leannon, Kuhn and Murazik",27-03-2023,57.7,true
895,Cream - 35%,electronics,158.98,54,Dickinson Inc,20-06-2022,92.0,true
896,Chips - Assorted,clothing,730.65,73,Marks-DuBuque,06-09-2022,47.8,false
897,Foil Wrap,food,415.64,66,Runolfsson Group,15-08-2022,5.0,false
898,"Water - Mineral, Carbonated",food,347.03,60,Kshlerin LLC,02-09-2023,14.0,true
899,Plaintain,electronics,235.11,6,Brekke Group,07-01-2023,3.1,true
900,Salt - Sea,food,18.42,80,Cruickshank-Schumm,13-09-2022,1.3,false
901,Flour - Rye,electronics,446.53,35,"O'Kon, Vandervort and Block",14-09-2022,41.4,false
902,Beans - Fava Fresh,clothing,86.32,59,"Hane, Beahan and Paucek",12-08-2023,41.8,false
903,"Wine - White, Pinot Grigio",electronics,566.64,90,Marvin and Sons,23-09-2022,13.7,false
904,Ostrich - Fan Fillet,food,49.43,100,Mosciski-Nicolas,13-03-2022,30.1,true
905,"Vinegar - Balsamic, White",electronics,873.96,87,"Ortiz, Marvin and Brakus",07-09-2022,94.5,true
906,Truffle Shells - White Chocolate,electronics,91.31,98,Macejkovic Inc,17-09-2023,41.1,true
907,Dawn Professionl Pot And Pan,clothing,987.06,14,Kuphal and Sons,27-05-2022,86.2,false
908,Fennel,clothing,656.13,81,Hackett-Parker,20-11-2022,30.9,true
909,"Pepsi - Diet, 355 Ml",electronics,169.29,2,"Hintz, Koch and Gerlach",19-06-2023,78.3,true
910,"Trout - Rainbow, Frozen",electronics,757.23,22,Deckow LLC,04-11-2022,52.4,true
911,Corn Shoots,clothing,143.11,50,"Bosco, Mills and Okuneva",23-06-2022,2.6,true
912,Lobster - Live,electronics,347.77,69,Bode-Jerde,12-12-2023,59.5,false
913,Muffin Batt - Ban Dream Zero,clothing,886.05,64,Deckow Group,15-10-2023,0.6,true
914,Beef - Top Sirloin,food,933.07,23,Kris Group,22-12-2022,50.4,true
915,Scallops - 10/20,electronics,556.34,42,Mohr-Koelpin,28-10-2022,53.1,true
916,Pickles - Gherkins,clothing,875.94,87,"Berge, Tremblay and Schmitt",09-11-2023,7.9,false
917,Flour - Whole Wheat,food,411.67,13,Torphy-Block,06-07-2023,61.2,false
918,Muffin Mix - Oatmeal,food,201.73,39,Klein Inc,29-10-2022,31.9,false
919,Bread - Malt,electronics,333.57,31,Crooks-Jacobson,02-12-2023,27.0,true
920,Sprouts - Baby Pea Tendrils,clothing,446.56,6,Romaguera-Johns,17-05-2023,5.3,false
921,Crackers Cheez It,electronics,402.62,1,Kuphal-Luettgen,26-07-2022,32.0,true
922,"Soup - Campbells, Minestrone",food,255.44,3,"Ankunding, Gislason and Pacocha",15-12-2022,51.2,true
923,Browning Caramel Glace,electronics,144.16,31,McDermott LLC,26-02-2023,5.8,true
924,"Lentils - Green, Dry",food,870.97,76,"Gerlach, Kozey and Blick",11-06-2022,95.8,true
925,Potatoes - Pei 10 Oz,electronics,572.9,23,"Franecki, O'Conner and Pagac",12-10-2022,53.0,true
926,Bread - Pumpernickel,clothing,297.36,51,Stamm-Sawayn,09-03-2023,10.3,false
927,Pimento - Canned,clothing,655.04,53,Cole Inc,02-02-2023,85.6,true
928,Egg Patty Fried,clothing,182.36,1,"Cremin, Durgan and Howe",12-12-2022,24.0,false
929,"Cup - 6oz, Foam",electronics,203.55,92,"Hansen, McLaughlin and Berge",08-11-2022,10.8,false
930,Soup - Campbells - Chicken Noodle,food,256.41,48,"Kautzer, Little and Anderson",07-01-2022,51.0,false
931,"Marsala - Sperone, Fine, D.o.c.",food,156.76,76,Mayert-Barrows,18-02-2023,77.6,true
932,"Wine - Red, Cabernet Sauvignon",clothing,68.4,49,"Kuphal, Rutherford and Mohr",17-12-2022,31.1,true
933,Cotton Wet Mop 16 Oz,electronics,417.1,71,"Hodkiewicz, Pagac and Rice",09-08-2022,96.3,true
934,Syrup - Pancake,clothing,209.17,85,Ward Inc,22-07-2022,37.8,true
935,Lid Tray - 12in Dome,electronics,941.87,67,Quigley Group,21-04-2022,96.5,true
936,Mcguinness - Blue Curacao,clothing,825.05,5,"Schuppe, Bauch and Corwin",29-07-2022,47.9,false
937,Wine - Rioja Campo Viejo,clothing,433.21,22,McCullough and Sons,10-12-2022,95.1,true
938,Glass Clear 8 Oz,food,4.71,56,Steuber and Sons,27-02-2022,26.3,true
939,Pork - Ground,clothing,742.46,4,Mueller and Sons,18-11-2023,35.9,false
940,Spinach - Baby,clothing,954.62,1,Beer-Rogahn,19-09-2023,13.3,false
941,Cheese - Cheddar With Claret,clothing,887.63,66,"Murray, Adams and Mante",28-10-2023,48.5,true
942,Foam Espresso Cup Plain White,clothing,726.14,48,Effertz Inc,14-02-2022,88.3,false
943,Oven Mitts - 15 Inch,clothing,758.35,76,Schoen Group,02-12-2023,53.6,false
944,Salt - Celery,food,706.63,54,Windler Inc,07-01-2023,40.0,true
945,Truffle Shells - Semi - Sweet,food,350.71,40,Spinka Inc,18-09-2023,9.3,false
946,"Tart Shells - Savory, 2",food,792.64,92,Predovic Group,02-12-2022,82.3,true
947,"Cheese - Cheddar, Old White",clothing,830.72,51,Parker-Nienow,02-02-2023,7.4,false
948,Calypso - Lemonade,clothing,748.4,57,"Beahan, Smith and Nitzsche",29-10-2022,51.5,true
949,Potatoes - Parissienne,clothing,636.48,2,"O'Kon, Hyatt and Hoeger",31-01-2023,76.3,false
950,Beer - Sleeman Fine Porter,food,559.42,62,Wuckert-Toy,11-05-2022,32.2,true
951,Bagels Poppyseed,food,740.63,65,Larkin-Kuhic,15-01-2023,17.8,true
952,Fish - Bones,clothing,537.78,84,"Gutmann, Murazik and Berge",03-10-2022,59.8,false
953,Veal - Kidney,food,974.01,52,Hettinger-Spencer,02-02-2023,28.4,false
954,Hagen Daza - Dk Choocolate,clothing,807.28,51,Bins Group,27-06-2022,81.3,false
955,Coffee Cup 8oz 5338cd,electronics,51.02,65,Mohr LLC,15-02-2023,77.2,true
956,Table Cloth 53x69 White,food,904.27,12,Padberg LLC,12-04-2023,34.8,true
957,Mustard - Individual Pkg,food,793.55,18,Mraz LLC,28-05-2022,46.4,false
958,Bouq All Italian - Primerba,clothing,74.97,73,Hagenes Inc,10-05-2022,59.5,true
959,Bread - Bistro White,electronics,75.04,27,Lind-Adams,26-10-2023,38.2,true
960,Bread Base - Goodhearth,food,783.64,23,Kuphal-Cassin,19-10-2023,76.3,true
961,"Nestea - Ice Tea, Diet",electronics,475.57,86,Wisoky-Cummings,10-02-2023,33.4,true
962,Energy Drink - Franks Pineapple,food,3.1,3,Padberg-Dibbert,16-09-2022,62.4,true
963,Wine - Sogrape Mateus Rose,food,969.85,32,"Romaguera, Bode and Weimann",04-07-2023,1.5,false
964,Steel Wool S.o.s,electronics,795.85,29,Braun-Heaney,16-05-2023,1.8,false
965,Vinegar - White,clothing,796.37,84,Walter Group,23-07-2022,78.3,true
966,"Noodles - Cellophane, Thin",electronics,252.07,66,Sawayn-Howell,05-05-2023,58.1,false
967,Cabbage Roll,food,809.11,64,Strosin Inc,11-09-2023,6.4,false
968,Squash - Pepper,clothing,551.28,41,"Bashirian, Bergstrom and Reinger",07-01-2023,96.7,true
969,Fondant - Icing,clothing,961.99,17,Kerluke-Reinger,01-06-2023,73.7,true
970,Sauce - Fish 25 Ozf Bottle,food,918.22,36,Kub Inc,14-07-2023,2.9,false
971,Pie Pecan,food,392.13,74,Donnelly-Hickle,01-10-2023,10.7,false
972,Fib N9 - Prague Powder,food,683.03,3,Lakin-Rath,24-07-2022,12.1,false
973,Chinese Foods - Chicken Wing,electronics,160.84,28,Greenfelder Inc,25-03-2023,34.4,false
974,Lamb Shoulder Boneless Nz,clothing,728.82,55,"Schmitt, Parisian and Thompson",20-06-2023,41.6,false
975,Squid - U 5,food,25.99,19,"Kub, Gerlach and Block",19-10-2023,23.2,false
976,Bread - Kimel Stick Poly,food,874.28,42,Rutherford-Botsford,21-12-2022,63.5,true
977,"Crab - Claws, 26 - 30",clothing,661.19,98,Herman and Sons,08-02-2023,72.8,false
978,"Juice - Tomato, 48 Oz",electronics,38.67,27,"Olson, Rosenbaum and Grant",14-03-2023,44.4,true
979,Spaghetti Squash,electronics,87.03,54,Effertz Group,30-08-2023,87.0,true
980,"Schnappes - Peach, Walkers",food,460.27,24,Runte-Mitchell,10-12-2022,92.3,true
981,Vector Energy Bar,food,369.89,95,Stanton-Dooley,27-08-2022,60.8,false
982,Pate - Cognac,food,604.23,8,"Lynch, Legros and Upton",06-06-2022,57.4,true
983,"Beef - Ox Tail, Frozen",food,722.19,29,Fritsch-Koelpin,30-06-2023,77.8,false
984,Capers - Ox Eye Daisy,electronics,200.3,40,Predovic-McCullough,02-06-2022,100.0,true
985,Sauce - Plum,food,142.46,86,Hayes-Johnson,13-02-2023,91.5,false
986,Shark - Loin,electronics,960.08,60,Olson Group,03-01-2023,46.1,true
987,Eel - Smoked,food,567.24,44,Bogan-Bergstrom,25-09-2022,13.3,true
988,Shark - Loin,food,292.61,18,Kerluke Inc,02-04-2023,9.0,true
989,Juice - Ocean Spray Kiwi,food,204.38,87,McLaughlin Inc,17-02-2023,21.4,false
990,"Cheese - Woolwich Goat, Log",clothing,945.92,30,"Reynolds, Ankunding and West",23-06-2023,31.4,false
991,Appetizer - Seafood Assortment,electronics,316.66,56,Bartoletti Inc,20-06-2023,63.1,false
992,Veal - Provimi Inside,clothing,561.5,52,"Douglas, Block and Considine",14-10-2023,24.3,false
993,Muffin Mix - Chocolate Chip,clothing,200.05,33,Brekke LLC,04-03-2023,49.2,false
994,Scampi Tail,electronics,845.59,89,"Rice, Effertz and Cronin",06-01-2022,57.9,false
995,Dc Hikiage Hira Huba,electronics,99.59,91,"Reynolds, Beatty and Kreiger",25-12-2022,64.0,true
996,Soap - Hand Soap,food,165.03,77,Auer LLC,20-07-2022,6.1,true
997,Cookie Dough - Double,clothing,245.72,3,"Feeney, Hills and Little",11-10-2022,37.3,true
998,Pineapple - Regular,food,291.84,52,Zulauf and Sons,09-06-2023,51.6,true
999,"Soup - Campbells, Butternut",clothing,628.93,28,Treutel-Osinski,02-01-2022,33.2,true
1000,Wine - Marlbourough Sauv Blanc,food,534.38,57,DuBuque LLC,14-02-2022,67.6,false
